[suppress-stops-in-reasoning] skipped: /usr/local/lib/python3.12/dist-packages/vllm/v1/engine/detokenizer.py
scheduler.py: # [glm53-decode-floor] already present — skipping
[patch_glm5_drafter_group] /usr/local/lib/python3.12/dist-packages/vllm/v1/core/kv_cache_utils.py: already patched (DFLASH2-DRAFTER-GROUP + padded slot-share); no-op.
kv_cache_coordinator.py: # [glm53-hybrid-apc] already present — skipping
backend_xgrammar.py: termination fix already present (#52805)
__init__.py: reasoning fix already present (#53046)
block_table.py: kpool tail slot-map already present
[glm53-exl3-tp4 rank=2] starting TP=4 node (spec=dflash, cudagraph=none, eager=0)
INFO 09-05 13:17:42 [model.py:679] Resolved architecture: Glm5NextForConditionalGeneration
INFO 09-05 13:17:42 [model.py:1973] Using max model len 1000000
INFO 09-05 13:17:45 [cache.py:282] Using fp8 data type to store kv cache. It reduces the GPU memory footprint and boosts the performance. Meanwhile, it may cause accuracy drop without a proper scaling factor
INFO 09-05 13:17:45 [arg_utils.py:2168] Inferred data_parallel_rank 0 from node_rank 2
INFO 09-05 13:17:45 [model.py:679] Resolved architecture: DFlash2DraftModel
INFO 09-05 13:17:45 [model.py:1973] Using max model len 1048576
INFO 09-05 13:17:45 [speculative.py:1256] Overriding draft model max model len from 1048576 to 1000000
INFO 09-05 13:17:45 [config.py:605] Mamba cache mode is set to 'align' for Glm5NextForConditionalGeneration by default when prefix caching is enabled
INFO 09-05 13:17:45 [vllm.py:1319] Auto-enabling VLLM_USE_BREAKABLE_CUDAGRAPH=1. Set VLLM_USE_BREAKABLE_CUDAGRAPH=0 to opt out.
INFO 09-05 13:17:45 [kernel.py:306] Final IR op priority after setting platform defaults: IrOpPriorityConfig(rms_norm=['vllm_c', 'native'], fused_add_rms_norm=['vllm_c', 'native'])
WARNING 09-05 13:17:45 [vllm.py:1849] max_num_scheduled_tokens is set to 2048 based on the speculative decoding settings. This may lead to suboptimal performance. Consider increasing max_num_batched_tokens to accommodate the additional draft token slots, or decrease num_speculative_tokens.
INFO 09-05 13:17:45 [compilation.py:329] Enabled custom fusions: norm_quant, act_quant
INFO 09-05 13:17:45 [serve.py:216] Launching vLLM (v0.1.dev20051+g487ecf187) headless multiproc executor, with head node address 10.0.0.46:29521 for torch.distributed process group.
(Worker pid=1025) INFO 09-05 13:17:51 [parallel_state.py:1638] world_size=4 rank=2 local_rank=0 distributed_init_method=tcp://10.0.0.46:29521 backend=nccl
(Worker pid=1025) WARNING 09-05 13:18:10 [symm_mem.py:67] SymmMemCommunicator: Device capability 12.1 not supported, communicator is not available.
(Worker pid=1025) INFO 09-05 13:18:14 [parallel_state.py:1982] rank 2 in world size 4 is assigned as DP rank 0, PP rank 0, PCP rank 0, TP rank 2, EP rank 2, EPLB rank N/A
(Worker pid=1025) INFO 09-05 13:18:14 [gpu_worker.py:386] Using V2 Model Runner
(Worker_TP2 pid=1025) INFO 09-05 13:18:15 [model_runner.py:353] Loading model from scratch...
(Worker_TP2 pid=1025) INFO 09-05 13:18:15 [cuda.py:595] Using backend AttentionBackendEnum.FLASH_ATTN for vit attention
(Worker_TP2 pid=1025) INFO 09-05 13:18:15 [mm_encoder_attention.py:375] Using AttentionBackendEnum.FLASH_ATTN for MMEncoderAttention.
(Worker_TP2 pid=1025) INFO 09-05 13:18:15 [kernel.py:306] Final IR op priority after setting platform defaults: IrOpPriorityConfig(rms_norm=['vllm_c', 'native'], fused_add_rms_norm=['vllm_c', 'native'])
(Worker_TP2 pid=1025) WARNING 09-05 13:18:15 [vllm.py:1849] max_num_scheduled_tokens is set to 2048 based on the speculative decoding settings. This may lead to suboptimal performance. Consider increasing max_num_batched_tokens to accommodate the additional draft token slots, or decrease num_speculative_tokens.
(Worker_TP2 pid=1025) INFO 09-05 13:18:15 [cuda.py:536] Using FLASHINFER_MLA_SPARSE_SM120 attention backend out of potential backends: ['FLASHINFER_MLA_SPARSE_SM120'].
(Worker_TP2 pid=1025) INFO 09-05 13:18:15 [mla_attention.py:475] Using fp8_ds_mla KV cache format for FLASHINFER_MLA_SPARSE_SM120 backend.
(Worker_TP2 pid=1025) WARNING 09-05 13:18:15 [mla_attention.py:551] Sparse MLA impl has no dense-MHA prefill path; using the top-k MQA path only.
(Worker_TP2 pid=1025) INFO 09-05 13:18:15 [deep_gemm.py:191] deep_gemm not found in site-packages, trying vendored vllm.third_party.deep_gemm
(Worker_TP2 pid=1025) INFO 09-05 13:18:15 [deep_gemm.py:136] DeepGEMM E8M0 enabled on current platform.
(Worker_TP2 pid=1025) INFO 09-05 13:18:15 [weight_utils.py:858] Filesystem type for checkpoints: EXT4. Checkpoint size: 163.58 GiB. Available RAM: 64.88 GiB.
(Worker_TP2 pid=1025) INFO 09-05 13:18:15 [weight_utils.py:888] Auto-prefetch is disabled because the filesystem (EXT4) is not a recognized network FS (NFS/Lustre) and the checkpoint size (163.58 GiB) exceeds 90% of available RAM (64.88 GiB).
glm53: video placeholders aligned to encoder grid_t (Glm5Next→glm46v)
glm53: disabled GB10 persistent_topk (use top_k_per_row_decode)
glm53: overlay install ok aligned=True
glm53: video placeholders aligned to encoder grid_t (Glm5Next→glm46v)
glm53: video placeholders aligned to encoder grid_t (Glm5Next→glm46v)
glm53: video placeholders aligned to encoder grid_t (Glm5Next→glm46v)
glm53: video placeholders aligned to encoder grid_t (Glm5Next→glm46v)
glm53: video placeholders aligned to encoder grid_t (Glm5Next→glm46v)
glm53: video placeholders aligned to encoder grid_t (Glm5Next→glm46v)
glm53: video placeholders aligned to encoder grid_t (Glm5Next→glm46v)
glm53: video placeholders aligned to encoder grid_t (Glm5Next→glm46v)
glm53: video placeholders aligned to encoder grid_t (Glm5Next→glm46v)
[rank2]:[W905 13:18:16.539555142 TCPStore.cpp:125] [c10d] recvValue failed on SocketImpl(fd=46, addr=[gx10-3c79]:34692, remote=[gx10-3c6d]:29521): Failed to recv, got 0 bytes. Connection was likely closed. Did the remote server shutdown or crash?
Exception raised from recvBytes at /__w/pytorch/pytorch/torch/csrc/distributed/c10d/Utils.hpp:787 (most recent call first):
frame #0: c10::Error::Error(c10::SourceLocation, std::__cxx11::basic_string<char, std::char_traits<char>, std::allocator<char> >) + 0xc8 (0xf6b93a39e158 in /usr/local/lib/python3.12/dist-packages/torch/lib/libc10.so)
frame #1: c10::DistError::DistError(c10::SourceLocation, std::__cxx11::basic_string<char, std::char_traits<char>, std::allocator<char> >) + 0x78 (0xf6b93a39ed48 in /usr/local/lib/python3.12/dist-packages/torch/lib/libc10.so)
frame #2: c10::DistNetworkError::DistNetworkError(c10::SourceLocation, std::__cxx11::basic_string<char, std::char_traits<char>, std::allocator<char> >) + 0x78 (0xf6b93a39f0c8 in /usr/local/lib/python3.12/dist-packages/torch/lib/libc10.so)
frame #3: <unknown function> + 0x70b84d4 (0xf6b957d084d4 in /usr/local/lib/python3.12/dist-packages/torch/lib/libtorch_cpu.so)
frame #4: c10d::TCPStore::check(std::vector<std::__cxx11::basic_string<char, std::char_traits<char>, std::allocator<char> >, std::allocator<std::__cxx11::basic_string<char, std::char_traits<char>, std::allocator<char> > > > const&) + 0x258 (0xf6b957d0ab38 in /usr/local/lib/python3.12/dist-packages/torch/lib/libtorch_cpu.so)
frame #5: c10d::ProcessGroupNCCL::HeartbeatMonitor::runLoop() + 0x330 (0xf6b93b2e7350 in /usr/local/lib/python3.12/dist-packages/torch/lib/libtorch_cuda.so)
frame #6: <unknown function> + 0xe1ae0 (0xf6b9eb4e1ae0 in /usr/lib/aarch64-linux-gnu/libstdc++.so.6)
frame #7: <unknown function> + 0x8582c (0xf6b9ec12582c in /usr/lib/aarch64-linux-gnu/libc.so.6)
frame #8: <unknown function> + 0xeb79c (0xf6b9ec18b79c in /usr/lib/aarch64-linux-gnu/libc.so.6)

[rank2]:[W905 13:18:16.541283281 ProcessGroupNCCL.cpp:1876] [PG ID 0 PG GUID 0 Rank 2] Failed to check the "should dump" flag on TCPStore, (maybe TCPStore server has shut down too early), with error: Failed to recv, got 0 bytes. Connection was likely closed. Did the remote server shutdown or crash?
[rank2]:[W905 13:18:17.541415363 TCPStore.cpp:106] [c10d] sendBytes failed on SocketImpl(fd=46, addr=[gx10-3c79]:34692, remote=[gx10-3c6d]:29521): Broken pipe
Exception raised from sendBytes at /__w/pytorch/pytorch/torch/csrc/distributed/c10d/Utils.hpp:758 (most recent call first):
frame #0: c10::Error::Error(c10::SourceLocation, std::__cxx11::basic_string<char, std::char_traits<char>, std::allocator<char> >) + 0xc8 (0xf6b93a39e158 in /usr/local/lib/python3.12/dist-packages/torch/lib/libc10.so)
frame #1: c10::DistError::DistError(c10::SourceLocation, std::__cxx11::basic_string<char, std::char_traits<char>, std::allocator<char> >) + 0x78 (0xf6b93a39ed48 in /usr/local/lib/python3.12/dist-packages/torch/lib/libc10.so)
frame #2: c10::DistNetworkError::DistNetworkError(c10::SourceLocation, std::__cxx11::basic_string<char, std::char_traits<char>, std::allocator<char> >) + 0x78 (0xf6b93a39f0c8 in /usr/local/lib/python3.12/dist-packages/torch/lib/libc10.so)
frame #3: <unknown function> + 0x70b77ec (0xf6b957d077ec in /usr/local/lib/python3.12/dist-packages/torch/lib/libtorch_cpu.so)
frame #4: <unknown function> + 0x70b9aa4 (0xf6b957d09aa4 in /usr/local/lib/python3.12/dist-packages/torch/lib/libtorch_cpu.so)
frame #5: <unknown function> + 0x70b9c18 (0xf6b957d09c18 in /usr/local/lib/python3.12/dist-packages/torch/lib/libtorch_cpu.so)
frame #6: c10d::TCPStore::check(std::vector<std::__cxx11::basic_string<char, std::char_traits<char>, std::allocator<char> >, std::allocator<std::__cxx11::basic_string<char, std::char_traits<char>, std::allocator<char> > > > const&) + 0x23c (0xf6b957d0ab1c in /usr/local/lib/python3.12/dist-packages/torch/lib/libtorch_cpu.so)
frame #7: c10d::ProcessGroupNCCL::HeartbeatMonitor::runLoop() + 0x330 (0xf6b93b2e7350 in /usr/local/lib/python3.12/dist-packages/torch/lib/libtorch_cuda.so)
frame #8: <unknown function> + 0xe1ae0 (0xf6b9eb4e1ae0 in /usr/lib/aarch64-linux-gnu/libstdc++.so.6)
frame #9: <unknown function> + 0x8582c (0xf6b9ec12582c in /usr/lib/aarch64-linux-gnu/libc.so.6)
frame #10: <unknown function> + 0xeb79c (0xf6b9ec18b79c in /usr/lib/aarch64-linux-gnu/libc.so.6)

[rank2]:[W905 13:18:17.542852703 ProcessGroupNCCL.cpp:1876] [PG ID 0 PG GUID 0 Rank 2] Failed to check the "should dump" flag on TCPStore, (maybe TCPStore server has shut down too early), with error: Broken pipe
[rank2]:[W905 13:18:18.542976227 TCPStore.cpp:106] [c10d] sendBytes failed on SocketImpl(fd=46, addr=[gx10-3c79]:34692, remote=[gx10-3c6d]:29521): Broken pipe
Exception raised from sendBytes at /__w/pytorch/pytorch/torch/csrc/distributed/c10d/Utils.hpp:758 (most recent call first):
frame #0: c10::Error::Error(c10::SourceLocation, std::__cxx11::basic_string<char, std::char_traits<char>, std::allocator<char> >) + 0xc8 (0xf6b93a39e158 in /usr/local/lib/python3.12/dist-packages/torch/lib/libc10.so)
frame #1: c10::DistError::DistError(c10::SourceLocation, std::__cxx11::basic_string<char, std::char_traits<char>, std::allocator<char> >) + 0x78 (0xf6b93a39ed48 in /usr/local/lib/python3.12/dist-packages/torch/lib/libc10.so)
frame #2: c10::DistNetworkError::DistNetworkError(c10::SourceLocation, std::__cxx11::basic_string<char, std::char_traits<char>, std::allocator<char> >) + 0x78 (0xf6b93a39f0c8 in /usr/local/lib/python3.12/dist-packages/torch/lib/libc10.so)
frame #3: <unknown function> + 0x70b77ec (0xf6b957d077ec in /usr/local/lib/python3.12/dist-packages/torch/lib/libtorch_cpu.so)
frame #4: <unknown function> + 0x70b9aa4 (0xf6b957d09aa4 in /usr/local/lib/python3.12/dist-packages/torch/lib/libtorch_cpu.so)
frame #5: <unknown function> + 0x70b9c18 (0xf6b957d09c18 in /usr/local/lib/python3.12/dist-packages/torch/lib/libtorch_cpu.so)
frame #6: c10d::TCPStore::check(std::vector<std::__cxx11::basic_string<char, std::char_traits<char>, std::allocator<char> >, std::allocator<std::__cxx11::basic_string<char, std::char_traits<char>, std::allocator<char> > > > const&) + 0x23c (0xf6b957d0ab1c in /usr/local/lib/python3.12/dist-packages/torch/lib/libtorch_cpu.so)
frame #7: c10d::ProcessGroupNCCL::HeartbeatMonitor::runLoop() + 0x330 (0xf6b93b2e7350 in /usr/local/lib/python3.12/dist-packages/torch/lib/libtorch_cuda.so)
frame #8: <unknown function> + 0xe1ae0 (0xf6b9eb4e1ae0 in /usr/lib/aarch64-linux-gnu/libstdc++.so.6)
frame #9: <unknown function> + 0x8582c (0xf6b9ec12582c in /usr/lib/aarch64-linux-gnu/libc.so.6)
frame #10: <unknown function> + 0xeb79c (0xf6b9ec18b79c in /usr/lib/aarch64-linux-gnu/libc.so.6)

[rank2]:[W905 13:18:18.544410399 ProcessGroupNCCL.cpp:1876] [PG ID 0 PG GUID 0 Rank 2] Failed to check the "should dump" flag on TCPStore, (maybe TCPStore server has shut down too early), with error: Broken pipe
[rank2]:[W905 13:18:19.544522725 TCPStore.cpp:106] [c10d] sendBytes failed on SocketImpl(fd=46, addr=[gx10-3c79]:34692, remote=[gx10-3c6d]:29521): Broken pipe
Exception raised from sendBytes at /__w/pytorch/pytorch/torch/csrc/distributed/c10d/Utils.hpp:758 (most recent call first):
frame #0: c10::Error::Error(c10::SourceLocation, std::__cxx11::basic_string<char, std::char_traits<char>, std::allocator<char> >) + 0xc8 (0xf6b93a39e158 in /usr/local/lib/python3.12/dist-packages/torch/lib/libc10.so)
frame #1: c10::DistError::DistError(c10::SourceLocation, std::__cxx11::basic_string<char, std::char_traits<char>, std::allocator<char> >) + 0x78 (0xf6b93a39ed48 in /usr/local/lib/python3.12/dist-packages/torch/lib/libc10.so)
frame #2: c10::DistNetworkError::DistNetworkError(c10::SourceLocation, std::__cxx11::basic_string<char, std::char_traits<char>, std::allocator<char> >) + 0x78 (0xf6b93a39f0c8 in /usr/local/lib/python3.12/dist-packages/torch/lib/libc10.so)
frame #3: <unknown function> + 0x70b77ec (0xf6b957d077ec in /usr/local/lib/python3.12/dist-packages/torch/lib/libtorch_cpu.so)
frame #4: <unknown function> + 0x70b9aa4 (0xf6b957d09aa4 in /usr/local/lib/python3.12/dist-packages/torch/lib/libtorch_cpu.so)
frame #5: <unknown function> + 0x70b9c18 (0xf6b957d09c18 in /usr/local/lib/python3.12/dist-packages/torch/lib/libtorch_cpu.so)
frame #6: c10d::TCPStore::check(std::vector<std::__cxx11::basic_string<char, std::char_traits<char>, std::allocator<char> >, std::allocator<std::__cxx11::basic_string<char, std::char_traits<char>, std::allocator<char> > > > const&) + 0x23c (0xf6b957d0ab1c in /usr/local/lib/python3.12/dist-packages/torch/lib/libtorch_cpu.so)
frame #7: c10d::ProcessGroupNCCL::HeartbeatMonitor::runLoop() + 0x330 (0xf6b93b2e7350 in /usr/local/lib/python3.12/dist-packages/torch/lib/libtorch_cuda.so)
frame #8: <unknown function> + 0xe1ae0 (0xf6b9eb4e1ae0 in /usr/lib/aarch64-linux-gnu/libstdc++.so.6)
frame #9: <unknown function> + 0x8582c (0xf6b9ec12582c in /usr/lib/aarch64-linux-gnu/libc.so.6)
frame #10: <unknown function> + 0xeb79c (0xf6b9ec18b79c in /usr/lib/aarch64-linux-gnu/libc.so.6)

[rank2]:[W905 13:18:19.545942465 ProcessGroupNCCL.cpp:1876] [PG ID 0 PG GUID 0 Rank 2] Failed to check the "should dump" flag on TCPStore, (maybe TCPStore server has shut down too early), with error: Broken pipe
[rank2]:[W905 13:18:20.546043786 TCPStore.cpp:106] [c10d] sendBytes failed on SocketImpl(fd=46, addr=[gx10-3c79]:34692, remote=[gx10-3c6d]:29521): Broken pipe
Exception raised from sendBytes at /__w/pytorch/pytorch/torch/csrc/distributed/c10d/Utils.hpp:758 (most recent call first):
frame #0: c10::Error::Error(c10::SourceLocation, std::__cxx11::basic_string<char, std::char_traits<char>, std::allocator<char> >) + 0xc8 (0xf6b93a39e158 in /usr/local/lib/python3.12/dist-packages/torch/lib/libc10.so)
frame #1: c10::DistError::DistError(c10::SourceLocation, std::__cxx11::basic_string<char, std::char_traits<char>, std::allocator<char> >) + 0x78 (0xf6b93a39ed48 in /usr/local/lib/python3.12/dist-packages/torch/lib/libc10.so)
frame #2: c10::DistNetworkError::DistNetworkError(c10::SourceLocation, std::__cxx11::basic_string<char, std::char_traits<char>, std::allocator<char> >) + 0x78 (0xf6b93a39f0c8 in /usr/local/lib/python3.12/dist-packages/torch/lib/libc10.so)
frame #3: <unknown function> + 0x70b77ec (0xf6b957d077ec in /usr/local/lib/python3.12/dist-packages/torch/lib/libtorch_cpu.so)
frame #4: <unknown function> + 0x70b9aa4 (0xf6b957d09aa4 in /usr/local/lib/python3.12/dist-packages/torch/lib/libtorch_cpu.so)
frame #5: <unknown function> + 0x70b9c18 (0xf6b957d09c18 in /usr/local/lib/python3.12/dist-packages/torch/lib/libtorch_cpu.so)
frame #6: c10d::TCPStore::check(std::vector<std::__cxx11::basic_string<char, std::char_traits<char>, std::allocator<char> >, std::allocator<std::__cxx11::basic_string<char, std::char_traits<char>, std::allocator<char> > > > const&) + 0x23c (0xf6b957d0ab1c in /usr/local/lib/python3.12/dist-packages/torch/lib/libtorch_cpu.so)
frame #7: c10d::ProcessGroupNCCL::HeartbeatMonitor::runLoop() + 0x330 (0xf6b93b2e7350 in /usr/local/lib/python3.12/dist-packages/torch/lib/libtorch_cuda.so)
frame #8: <unknown function> + 0xe1ae0 (0xf6b9eb4e1ae0 in /usr/lib/aarch64-linux-gnu/libstdc++.so.6)
frame #9: <unknown function> + 0x8582c (0xf6b9ec12582c in /usr/lib/aarch64-linux-gnu/libc.so.6)
frame #10: <unknown function> + 0xeb79c (0xf6b9ec18b79c in /usr/lib/aarch64-linux-gnu/libc.so.6)

[rank2]:[W905 13:18:20.547451205 ProcessGroupNCCL.cpp:1876] [PG ID 0 PG GUID 0 Rank 2] Failed to check the "should dump" flag on TCPStore, (maybe TCPStore server has shut down too early), with error: Broken pipe
[rank2]:[W905 13:18:21.547562672 TCPStore.cpp:106] [c10d] sendBytes failed on SocketImpl(fd=46, addr=[gx10-3c79]:34692, remote=[gx10-3c6d]:29521): Broken pipe
Exception raised from sendBytes at /__w/pytorch/pytorch/torch/csrc/distributed/c10d/Utils.hpp:758 (most recent call first):
frame #0: c10::Error::Error(c10::SourceLocation, std::__cxx11::basic_string<char, std::char_traits<char>, std::allocator<char> >) + 0xc8 (0xf6b93a39e158 in /usr/local/lib/python3.12/dist-packages/torch/lib/libc10.so)
frame #1: c10::DistError::DistError(c10::SourceLocation, std::__cxx11::basic_string<char, std::char_traits<char>, std::allocator<char> >) + 0x78 (0xf6b93a39ed48 in /usr/local/lib/python3.12/dist-packages/torch/lib/libc10.so)
frame #2: c10::DistNetworkError::DistNetworkError(c10::SourceLocation, std::__cxx11::basic_string<char, std::char_traits<char>, std::allocator<char> >) + 0x78 (0xf6b93a39f0c8 in /usr/local/lib/python3.12/dist-packages/torch/lib/libc10.so)
frame #3: <unknown function> + 0x70b77ec (0xf6b957d077ec in /usr/local/lib/python3.12/dist-packages/torch/lib/libtorch_cpu.so)
frame #4: <unknown function> + 0x70b9aa4 (0xf6b957d09aa4 in /usr/local/lib/python3.12/dist-packages/torch/lib/libtorch_cpu.so)
frame #5: <unknown function> + 0x70b9c18 (0xf6b957d09c18 in /usr/local/lib/python3.12/dist-packages/torch/lib/libtorch_cpu.so)
frame #6: c10d::TCPStore::check(std::vector<std::__cxx11::basic_string<char, std::char_traits<char>, std::allocator<char> >, std::allocator<std::__cxx11::basic_string<char, std::char_traits<char>, std::allocator<char> > > > const&) + 0x23c (0xf6b957d0ab1c in /usr/local/lib/python3.12/dist-packages/torch/lib/libtorch_cpu.so)
frame #7: c10d::ProcessGroupNCCL::HeartbeatMonitor::runLoop() + 0x330 (0xf6b93b2e7350 in /usr/local/lib/python3.12/dist-packages/torch/lib/libtorch_cuda.so)
frame #8: <unknown function> + 0xe1ae0 (0xf6b9eb4e1ae0 in /usr/lib/aarch64-linux-gnu/libstdc++.so.6)
frame #9: <unknown function> + 0x8582c (0xf6b9ec12582c in /usr/lib/aarch64-linux-gnu/libc.so.6)
frame #10: <unknown function> + 0xeb79c (0xf6b9ec18b79c in /usr/lib/aarch64-linux-gnu/libc.so.6)

[rank2]:[W905 13:18:21.548978604 ProcessGroupNCCL.cpp:1876] [PG ID 0 PG GUID 0 Rank 2] Failed to check the "should dump" flag on TCPStore, (maybe TCPStore server has shut down too early), with error: Broken pipe
[rank2]:[W905 13:18:22.549062985 TCPStore.cpp:106] [c10d] sendBytes failed on SocketImpl(fd=46, addr=[gx10-3c79]:34692, remote=[gx10-3c6d]:29521): Broken pipe
Exception raised from sendBytes at /__w/pytorch/pytorch/torch/csrc/distributed/c10d/Utils.hpp:758 (most recent call first):
frame #0: c10::Error::Error(c10::SourceLocation, std::__cxx11::basic_string<char, std::char_traits<char>, std::allocator<char> >) + 0xc8 (0xf6b93a39e158 in /usr/local/lib/python3.12/dist-packages/torch/lib/libc10.so)
frame #1: c10::DistError::DistError(c10::SourceLocation, std::__cxx11::basic_string<char, std::char_traits<char>, std::allocator<char> >) + 0x78 (0xf6b93a39ed48 in /usr/local/lib/python3.12/dist-packages/torch/lib/libc10.so)
frame #2: c10::DistNetworkError::DistNetworkError(c10::SourceLocation, std::__cxx11::basic_string<char, std::char_traits<char>, std::allocator<char> >) + 0x78 (0xf6b93a39f0c8 in /usr/local/lib/python3.12/dist-packages/torch/lib/libc10.so)
frame #3: <unknown function> + 0x70b77ec (0xf6b957d077ec in /usr/local/lib/python3.12/dist-packages/torch/lib/libtorch_cpu.so)
frame #4: <unknown function> + 0x70b9aa4 (0xf6b957d09aa4 in /usr/local/lib/python3.12/dist-packages/torch/lib/libtorch_cpu.so)
frame #5: <unknown function> + 0x70b9c18 (0xf6b957d09c18 in /usr/local/lib/python3.12/dist-packages/torch/lib/libtorch_cpu.so)
frame #6: c10d::TCPStore::check(std::vector<std::__cxx11::basic_string<char, std::char_traits<char>, std::allocator<char> >, std::allocator<std::__cxx11::basic_string<char, std::char_traits<char>, std::allocator<char> > > > const&) + 0x23c (0xf6b957d0ab1c in /usr/local/lib/python3.12/dist-packages/torch/lib/libtorch_cpu.so)
frame #7: c10d::ProcessGroupNCCL::HeartbeatMonitor::runLoop() + 0x330 (0xf6b93b2e7350 in /usr/local/lib/python3.12/dist-packages/torch/lib/libtorch_cuda.so)
frame #8: <unknown function> + 0xe1ae0 (0xf6b9eb4e1ae0 in /usr/lib/aarch64-linux-gnu/libstdc++.so.6)
frame #9: <unknown function> + 0x8582c (0xf6b9ec12582c in /usr/lib/aarch64-linux-gnu/libc.so.6)
frame #10: <unknown function> + 0xeb79c (0xf6b9ec18b79c in /usr/lib/aarch64-linux-gnu/libc.so.6)

[rank2]:[W905 13:18:22.550481092 ProcessGroupNCCL.cpp:1876] [PG ID 0 PG GUID 0 Rank 2] Failed to check the "should dump" flag on TCPStore, (maybe TCPStore server has shut down too early), with error: Broken pipe
[rank2]:[W905 13:18:23.550956002 TCPStore.cpp:106] [c10d] sendBytes failed on SocketImpl(fd=46, addr=[gx10-3c79]:34692, remote=[gx10-3c6d]:29521): Broken pipe
Exception raised from sendBytes at /__w/pytorch/pytorch/torch/csrc/distributed/c10d/Utils.hpp:758 (most recent call first):
frame #0: c10::Error::Error(c10::SourceLocation, std::__cxx11::basic_string<char, std::char_traits<char>, std::allocator<char> >) + 0xc8 (0xf6b93a39e158 in /usr/local/lib/python3.12/dist-packages/torch/lib/libc10.so)
frame #1: c10::DistError::DistError(c10::SourceLocation, std::__cxx11::basic_string<char, std::char_traits<char>, std::allocator<char> >) + 0x78 (0xf6b93a39ed48 in /usr/local/lib/python3.12/dist-packages/torch/lib/libc10.so)
frame #2: c10::DistNetworkError::DistNetworkError(c10::SourceLocation, std::__cxx11::basic_string<char, std::char_traits<char>, std::allocator<char> >) + 0x78 (0xf6b93a39f0c8 in /usr/local/lib/python3.12/dist-packages/torch/lib/libc10.so)
frame #3: <unknown function> + 0x70b77ec (0xf6b957d077ec in /usr/local/lib/python3.12/dist-packages/torch/lib/libtorch_cpu.so)
frame #4: <unknown function> + 0x70b9aa4 (0xf6b957d09aa4 in /usr/local/lib/python3.12/dist-packages/torch/lib/libtorch_cpu.so)
frame #5: <unknown function> + 0x70b9c18 (0xf6b957d09c18 in /usr/local/lib/python3.12/dist-packages/torch/lib/libtorch_cpu.so)
frame #6: c10d::TCPStore::check(std::vector<std::__cxx11::basic_string<char, std::char_traits<char>, std::allocator<char> >, std::allocator<std::__cxx11::basic_string<char, std::char_traits<char>, std::allocator<char> > > > const&) + 0x23c (0xf6b957d0ab1c in /usr/local/lib/python3.12/dist-packages/torch/lib/libtorch_cpu.so)
frame #7: c10d::ProcessGroupNCCL::HeartbeatMonitor::runLoop() + 0x330 (0xf6b93b2e7350 in /usr/local/lib/python3.12/dist-packages/torch/lib/libtorch_cuda.so)
frame #8: <unknown function> + 0xe1ae0 (0xf6b9eb4e1ae0 in /usr/lib/aarch64-linux-gnu/libstdc++.so.6)
frame #9: <unknown function> + 0x8582c (0xf6b9ec12582c in /usr/lib/aarch64-linux-gnu/libc.so.6)
frame #10: <unknown function> + 0xeb79c (0xf6b9ec18b79c in /usr/lib/aarch64-linux-gnu/libc.so.6)

[rank2]:[W905 13:18:23.552474925 ProcessGroupNCCL.cpp:1876] [PG ID 0 PG GUID 0 Rank 2] Failed to check the "should dump" flag on TCPStore, (maybe TCPStore server has shut down too early), with error: Broken pipe
[rank2]:[W905 13:18:24.552608142 TCPStore.cpp:106] [c10d] sendBytes failed on SocketImpl(fd=46, addr=[gx10-3c79]:34692, remote=[gx10-3c6d]:29521): Broken pipe
Exception raised from sendBytes at /__w/pytorch/pytorch/torch/csrc/distributed/c10d/Utils.hpp:758 (most recent call first):
frame #0: c10::Error::Error(c10::SourceLocation, std::__cxx11::basic_string<char, std::char_traits<char>, std::allocator<char> >) + 0xc8 (0xf6b93a39e158 in /usr/local/lib/python3.12/dist-packages/torch/lib/libc10.so)
frame #1: c10::DistError::DistError(c10::SourceLocation, std::__cxx11::basic_string<char, std::char_traits<char>, std::allocator<char> >) + 0x78 (0xf6b93a39ed48 in /usr/local/lib/python3.12/dist-packages/torch/lib/libc10.so)
frame #2: c10::DistNetworkError::DistNetworkError(c10::SourceLocation, std::__cxx11::basic_string<char, std::char_traits<char>, std::allocator<char> >) + 0x78 (0xf6b93a39f0c8 in /usr/local/lib/python3.12/dist-packages/torch/lib/libc10.so)
frame #3: <unknown function> + 0x70b77ec (0xf6b957d077ec in /usr/local/lib/python3.12/dist-packages/torch/lib/libtorch_cpu.so)
frame #4: <unknown function> + 0x70b9aa4 (0xf6b957d09aa4 in /usr/local/lib/python3.12/dist-packages/torch/lib/libtorch_cpu.so)
frame #5: <unknown function> + 0x70b9c18 (0xf6b957d09c18 in /usr/local/lib/python3.12/dist-packages/torch/lib/libtorch_cpu.so)
frame #6: c10d::TCPStore::check(std::vector<std::__cxx11::basic_string<char, std::char_traits<char>, std::allocator<char> >, std::allocator<std::__cxx11::basic_string<char, std::char_traits<char>, std::allocator<char> > > > const&) + 0x23c (0xf6b957d0ab1c in /usr/local/lib/python3.12/dist-packages/torch/lib/libtorch_cpu.so)
frame #7: c10d::ProcessGroupNCCL::HeartbeatMonitor::runLoop() + 0x330 (0xf6b93b2e7350 in /usr/local/lib/python3.12/dist-packages/torch/lib/libtorch_cuda.so)
frame #8: <unknown function> + 0xe1ae0 (0xf6b9eb4e1ae0 in /usr/lib/aarch64-linux-gnu/libstdc++.so.6)
frame #9: <unknown function> + 0x8582c (0xf6b9ec12582c in /usr/lib/aarch64-linux-gnu/libc.so.6)
frame #10: <unknown function> + 0xeb79c (0xf6b9ec18b79c in /usr/lib/aarch64-linux-gnu/libc.so.6)

[rank2]:[W905 13:18:24.554047817 ProcessGroupNCCL.cpp:1876] [PG ID 0 PG GUID 0 Rank 2] Failed to check the "should dump" flag on TCPStore, (maybe TCPStore server has shut down too early), with error: Broken pipe
[rank2]:[W905 13:18:25.554389211 TCPStore.cpp:106] [c10d] sendBytes failed on SocketImpl(fd=46, addr=[gx10-3c79]:34692, remote=[gx10-3c6d]:29521): Broken pipe
Exception raised from sendBytes at /__w/pytorch/pytorch/torch/csrc/distributed/c10d/Utils.hpp:758 (most recent call first):
frame #0: c10::Error::Error(c10::SourceLocation, std::__cxx11::basic_string<char, std::char_traits<char>, std::allocator<char> >) + 0xc8 (0xf6b93a39e158 in /usr/local/lib/python3.12/dist-packages/torch/lib/libc10.so)
frame #1: c10::DistError::DistError(c10::SourceLocation, std::__cxx11::basic_string<char, std::char_traits<char>, std::allocator<char> >) + 0x78 (0xf6b93a39ed48 in /usr/local/lib/python3.12/dist-packages/torch/lib/libc10.so)
frame #2: c10::DistNetworkError::DistNetworkError(c10::SourceLocation, std::__cxx11::basic_string<char, std::char_traits<char>, std::allocator<char> >) + 0x78 (0xf6b93a39f0c8 in /usr/local/lib/python3.12/dist-packages/torch/lib/libc10.so)
frame #3: <unknown function> + 0x70b77ec (0xf6b957d077ec in /usr/local/lib/python3.12/dist-packages/torch/lib/libtorch_cpu.so)
frame #4: <unknown function> + 0x70b9aa4 (0xf6b957d09aa4 in /usr/local/lib/python3.12/dist-packages/torch/lib/libtorch_cpu.so)
frame #5: <unknown function> + 0x70b9c18 (0xf6b957d09c18 in /usr/local/lib/python3.12/dist-packages/torch/lib/libtorch_cpu.so)
frame #6: c10d::TCPStore::check(std::vector<std::__cxx11::basic_string<char, std::char_traits<char>, std::allocator<char> >, std::allocator<std::__cxx11::basic_string<char, std::char_traits<char>, std::allocator<char> > > > const&) + 0x23c (0xf6b957d0ab1c in /usr/local/lib/python3.12/dist-packages/torch/lib/libtorch_cpu.so)
frame #7: c10d::ProcessGroupNCCL::HeartbeatMonitor::runLoop() + 0x330 (0xf6b93b2e7350 in /usr/local/lib/python3.12/dist-packages/torch/lib/libtorch_cuda.so)
frame #8: <unknown function> + 0xe1ae0 (0xf6b9eb4e1ae0 in /usr/lib/aarch64-linux-gnu/libstdc++.so.6)
frame #9: <unknown function> + 0x8582c (0xf6b9ec12582c in /usr/lib/aarch64-linux-gnu/libc.so.6)
frame #10: <unknown function> + 0xeb79c (0xf6b9ec18b79c in /usr/lib/aarch64-linux-gnu/libc.so.6)

[rank2]:[W905 13:18:25.555878374 ProcessGroupNCCL.cpp:1876] [PG ID 0 PG GUID 0 Rank 2] Failed to check the "should dump" flag on TCPStore, (maybe TCPStore server has shut down too early), with error: Broken pipe
[rank2]:[W905 13:18:26.555992203 TCPStore.cpp:106] [c10d] sendBytes failed on SocketImpl(fd=46, addr=[gx10-3c79]:34692, remote=[gx10-3c6d]:29521): Broken pipe
Exception raised from sendBytes at /__w/pytorch/pytorch/torch/csrc/distributed/c10d/Utils.hpp:758 (most recent call first):
frame #0: c10::Error::Error(c10::SourceLocation, std::__cxx11::basic_string<char, std::char_traits<char>, std::allocator<char> >) + 0xc8 (0xf6b93a39e158 in /usr/local/lib/python3.12/dist-packages/torch/lib/libc10.so)
frame #1: c10::DistError::DistError(c10::SourceLocation, std::__cxx11::basic_string<char, std::char_traits<char>, std::allocator<char> >) + 0x78 (0xf6b93a39ed48 in /usr/local/lib/python3.12/dist-packages/torch/lib/libc10.so)
frame #2: c10::DistNetworkError::DistNetworkError(c10::SourceLocation, std::__cxx11::basic_string<char, std::char_traits<char>, std::allocator<char> >) + 0x78 (0xf6b93a39f0c8 in /usr/local/lib/python3.12/dist-packages/torch/lib/libc10.so)
frame #3: <unknown function> + 0x70b77ec (0xf6b957d077ec in /usr/local/lib/python3.12/dist-packages/torch/lib/libtorch_cpu.so)
frame #4: <unknown function> + 0x70b9aa4 (0xf6b957d09aa4 in /usr/local/lib/python3.12/dist-packages/torch/lib/libtorch_cpu.so)
frame #5: <unknown function> + 0x70b9c18 (0xf6b957d09c18 in /usr/local/lib/python3.12/dist-packages/torch/lib/libtorch_cpu.so)
frame #6: c10d::TCPStore::check(std::vector<std::__cxx11::basic_string<char, std::char_traits<char>, std::allocator<char> >, std::allocator<std::__cxx11::basic_string<char, std::char_traits<char>, std::allocator<char> > > > const&) + 0x23c (0xf6b957d0ab1c in /usr/local/lib/python3.12/dist-packages/torch/lib/libtorch_cpu.so)
frame #7: c10d::ProcessGroupNCCL::HeartbeatMonitor::runLoop() + 0x330 (0xf6b93b2e7350 in /usr/local/lib/python3.12/dist-packages/torch/lib/libtorch_cuda.so)
frame #8: <unknown function> + 0xe1ae0 (0xf6b9eb4e1ae0 in /usr/lib/aarch64-linux-gnu/libstdc++.so.6)
frame #9: <unknown function> + 0x8582c (0xf6b9ec12582c in /usr/lib/aarch64-linux-gnu/libc.so.6)
frame #10: <unknown function> + 0xeb79c (0xf6b9ec18b79c in /usr/lib/aarch64-linux-gnu/libc.so.6)

[rank2]:[W905 13:18:26.557409991 ProcessGroupNCCL.cpp:1876] [PG ID 0 PG GUID 0 Rank 2] Failed to check the "should dump" flag on TCPStore, (maybe TCPStore server has shut down too early), with error: Broken pipe
[rank2]:[W905 13:18:27.557538381 TCPStore.cpp:106] [c10d] sendBytes failed on SocketImpl(fd=46, addr=[gx10-3c79]:34692, remote=[gx10-3c6d]:29521): Broken pipe
Exception raised from sendBytes at /__w/pytorch/pytorch/torch/csrc/distributed/c10d/Utils.hpp:758 (most recent call first):
frame #0: c10::Error::Error(c10::SourceLocation, std::__cxx11::basic_string<char, std::char_traits<char>, std::allocator<char> >) + 0xc8 (0xf6b93a39e158 in /usr/local/lib/python3.12/dist-packages/torch/lib/libc10.so)
frame #1: c10::DistError::DistError(c10::SourceLocation, std::__cxx11::basic_string<char, std::char_traits<char>, std::allocator<char> >) + 0x78 (0xf6b93a39ed48 in /usr/local/lib/python3.12/dist-packages/torch/lib/libc10.so)
frame #2: c10::DistNetworkError::DistNetworkError(c10::SourceLocation, std::__cxx11::basic_string<char, std::char_traits<char>, std::allocator<char> >) + 0x78 (0xf6b93a39f0c8 in /usr/local/lib/python3.12/dist-packages/torch/lib/libc10.so)
frame #3: <unknown function> + 0x70b77ec (0xf6b957d077ec in /usr/local/lib/python3.12/dist-packages/torch/lib/libtorch_cpu.so)
frame #4: <unknown function> + 0x70b9aa4 (0xf6b957d09aa4 in /usr/local/lib/python3.12/dist-packages/torch/lib/libtorch_cpu.so)
frame #5: <unknown function> + 0x70b9c18 (0xf6b957d09c18 in /usr/local/lib/python3.12/dist-packages/torch/lib/libtorch_cpu.so)
frame #6: c10d::TCPStore::check(std::vector<std::__cxx11::basic_string<char, std::char_traits<char>, std::allocator<char> >, std::allocator<std::__cxx11::basic_string<char, std::char_traits<char>, std::allocator<char> > > > const&) + 0x23c (0xf6b957d0ab1c in /usr/local/lib/python3.12/dist-packages/torch/lib/libtorch_cpu.so)
frame #7: c10d::ProcessGroupNCCL::HeartbeatMonitor::runLoop() + 0x330 (0xf6b93b2e7350 in /usr/local/lib/python3.12/dist-packages/torch/lib/libtorch_cuda.so)
frame #8: <unknown function> + 0xe1ae0 (0xf6b9eb4e1ae0 in /usr/lib/aarch64-linux-gnu/libstdc++.so.6)
frame #9: <unknown function> + 0x8582c (0xf6b9ec12582c in /usr/lib/aarch64-linux-gnu/libc.so.6)
frame #10: <unknown function> + 0xeb79c (0xf6b9ec18b79c in /usr/lib/aarch64-linux-gnu/libc.so.6)

[rank2]:[W905 13:18:27.558961608 ProcessGroupNCCL.cpp:1876] [PG ID 0 PG GUID 0 Rank 2] Failed to check the "should dump" flag on TCPStore, (maybe TCPStore server has shut down too early), with error: Broken pipe
[rank2]:[W905 13:18:28.559088833 TCPStore.cpp:106] [c10d] sendBytes failed on SocketImpl(fd=46, addr=[gx10-3c79]:34692, remote=[gx10-3c6d]:29521): Broken pipe
Exception raised from sendBytes at /__w/pytorch/pytorch/torch/csrc/distributed/c10d/Utils.hpp:758 (most recent call first):
frame #0: c10::Error::Error(c10::SourceLocation, std::__cxx11::basic_string<char, std::char_traits<char>, std::allocator<char> >) + 0xc8 (0xf6b93a39e158 in /usr/local/lib/python3.12/dist-packages/torch/lib/libc10.so)
frame #1: c10::DistError::DistError(c10::SourceLocation, std::__cxx11::basic_string<char, std::char_traits<char>, std::allocator<char> >) + 0x78 (0xf6b93a39ed48 in /usr/local/lib/python3.12/dist-packages/torch/lib/libc10.so)
frame #2: c10::DistNetworkError::DistNetworkError(c10::SourceLocation, std::__cxx11::basic_string<char, std::char_traits<char>, std::allocator<char> >) + 0x78 (0xf6b93a39f0c8 in /usr/local/lib/python3.12/dist-packages/torch/lib/libc10.so)
frame #3: <unknown function> + 0x70b77ec (0xf6b957d077ec in /usr/local/lib/python3.12/dist-packages/torch/lib/libtorch_cpu.so)
frame #4: <unknown function> + 0x70b9aa4 (0xf6b957d09aa4 in /usr/local/lib/python3.12/dist-packages/torch/lib/libtorch_cpu.so)
frame #5: <unknown function> + 0x70b9c18 (0xf6b957d09c18 in /usr/local/lib/python3.12/dist-packages/torch/lib/libtorch_cpu.so)
frame #6: c10d::TCPStore::check(std::vector<std::__cxx11::basic_string<char, std::char_traits<char>, std::allocator<char> >, std::allocator<std::__cxx11::basic_string<char, std::char_traits<char>, std::allocator<char> > > > const&) + 0x23c (0xf6b957d0ab1c in /usr/local/lib/python3.12/dist-packages/torch/lib/libtorch_cpu.so)
frame #7: c10d::ProcessGroupNCCL::HeartbeatMonitor::runLoop() + 0x330 (0xf6b93b2e7350 in /usr/local/lib/python3.12/dist-packages/torch/lib/libtorch_cuda.so)
frame #8: <unknown function> + 0xe1ae0 (0xf6b9eb4e1ae0 in /usr/lib/aarch64-linux-gnu/libstdc++.so.6)
frame #9: <unknown function> + 0x8582c (0xf6b9ec12582c in /usr/lib/aarch64-linux-gnu/libc.so.6)
frame #10: <unknown function> + 0xeb79c (0xf6b9ec18b79c in /usr/lib/aarch64-linux-gnu/libc.so.6)

[rank2]:[W905 13:18:28.560524653 ProcessGroupNCCL.cpp:1876] [PG ID 0 PG GUID 0 Rank 2] Failed to check the "should dump" flag on TCPStore, (maybe TCPStore server has shut down too early), with error: Broken pipe
[rank2]:[W905 13:18:29.560626951 TCPStore.cpp:106] [c10d] sendBytes failed on SocketImpl(fd=46, addr=[gx10-3c79]:34692, remote=[gx10-3c6d]:29521): Broken pipe
Exception raised from sendBytes at /__w/pytorch/pytorch/torch/csrc/distributed/c10d/Utils.hpp:758 (most recent call first):
frame #0: c10::Error::Error(c10::SourceLocation, std::__cxx11::basic_string<char, std::char_traits<char>, std::allocator<char> >) + 0xc8 (0xf6b93a39e158 in /usr/local/lib/python3.12/dist-packages/torch/lib/libc10.so)
frame #1: c10::DistError::DistError(c10::SourceLocation, std::__cxx11::basic_string<char, std::char_traits<char>, std::allocator<char> >) + 0x78 (0xf6b93a39ed48 in /usr/local/lib/python3.12/dist-packages/torch/lib/libc10.so)
frame #2: c10::DistNetworkError::DistNetworkError(c10::SourceLocation, std::__cxx11::basic_string<char, std::char_traits<char>, std::allocator<char> >) + 0x78 (0xf6b93a39f0c8 in /usr/local/lib/python3.12/dist-packages/torch/lib/libc10.so)
frame #3: <unknown function> + 0x70b77ec (0xf6b957d077ec in /usr/local/lib/python3.12/dist-packages/torch/lib/libtorch_cpu.so)
frame #4: <unknown function> + 0x70b9aa4 (0xf6b957d09aa4 in /usr/local/lib/python3.12/dist-packages/torch/lib/libtorch_cpu.so)
frame #5: <unknown function> + 0x70b9c18 (0xf6b957d09c18 in /usr/local/lib/python3.12/dist-packages/torch/lib/libtorch_cpu.so)
frame #6: c10d::TCPStore::check(std::vector<std::__cxx11::basic_string<char, std::char_traits<char>, std::allocator<char> >, std::allocator<std::__cxx11::basic_string<char, std::char_traits<char>, std::allocator<char> > > > const&) + 0x23c (0xf6b957d0ab1c in /usr/local/lib/python3.12/dist-packages/torch/lib/libtorch_cpu.so)
frame #7: c10d::ProcessGroupNCCL::HeartbeatMonitor::runLoop() + 0x330 (0xf6b93b2e7350 in /usr/local/lib/python3.12/dist-packages/torch/lib/libtorch_cuda.so)
frame #8: <unknown function> + 0xe1ae0 (0xf6b9eb4e1ae0 in /usr/lib/aarch64-linux-gnu/libstdc++.so.6)
frame #9: <unknown function> + 0x8582c (0xf6b9ec12582c in /usr/lib/aarch64-linux-gnu/libc.so.6)
frame #10: <unknown function> + 0xeb79c (0xf6b9ec18b79c in /usr/lib/aarch64-linux-gnu/libc.so.6)

[rank2]:[W905 13:18:29.562052291 ProcessGroupNCCL.cpp:1876] [PG ID 0 PG GUID 0 Rank 2] Failed to check the "should dump" flag on TCPStore, (maybe TCPStore server has shut down too early), with error: Broken pipe
[rank2]:[W905 13:18:30.562162608 TCPStore.cpp:106] [c10d] sendBytes failed on SocketImpl(fd=46, addr=[gx10-3c79]:34692, remote=[gx10-3c6d]:29521): Broken pipe
Exception raised from sendBytes at /__w/pytorch/pytorch/torch/csrc/distributed/c10d/Utils.hpp:758 (most recent call first):
frame #0: c10::Error::Error(c10::SourceLocation, std::__cxx11::basic_string<char, std::char_traits<char>, std::allocator<char> >) + 0xc8 (0xf6b93a39e158 in /usr/local/lib/python3.12/dist-packages/torch/lib/libc10.so)
frame #1: c10::DistError::DistError(c10::SourceLocation, std::__cxx11::basic_string<char, std::char_traits<char>, std::allocator<char> >) + 0x78 (0xf6b93a39ed48 in /usr/local/lib/python3.12/dist-packages/torch/lib/libc10.so)
frame #2: c10::DistNetworkError::DistNetworkError(c10::SourceLocation, std::__cxx11::basic_string<char, std::char_traits<char>, std::allocator<char> >) + 0x78 (0xf6b93a39f0c8 in /usr/local/lib/python3.12/dist-packages/torch/lib/libc10.so)
frame #3: <unknown function> + 0x70b77ec (0xf6b957d077ec in /usr/local/lib/python3.12/dist-packages/torch/lib/libtorch_cpu.so)
frame #4: <unknown function> + 0x70b9aa4 (0xf6b957d09aa4 in /usr/local/lib/python3.12/dist-packages/torch/lib/libtorch_cpu.so)
frame #5: <unknown function> + 0x70b9c18 (0xf6b957d09c18 in /usr/local/lib/python3.12/dist-packages/torch/lib/libtorch_cpu.so)
frame #6: c10d::TCPStore::check(std::vector<std::__cxx11::basic_string<char, std::char_traits<char>, std::allocator<char> >, std::allocator<std::__cxx11::basic_string<char, std::char_traits<char>, std::allocator<char> > > > const&) + 0x23c (0xf6b957d0ab1c in /usr/local/lib/python3.12/dist-packages/torch/lib/libtorch_cpu.so)
frame #7: c10d::ProcessGroupNCCL::HeartbeatMonitor::runLoop() + 0x330 (0xf6b93b2e7350 in /usr/local/lib/python3.12/dist-packages/torch/lib/libtorch_cuda.so)
frame #8: <unknown function> + 0xe1ae0 (0xf6b9eb4e1ae0 in /usr/lib/aarch64-linux-gnu/libstdc++.so.6)
frame #9: <unknown function> + 0x8582c (0xf6b9ec12582c in /usr/lib/aarch64-linux-gnu/libc.so.6)
frame #10: <unknown function> + 0xeb79c (0xf6b9ec18b79c in /usr/lib/aarch64-linux-gnu/libc.so.6)

[rank2]:[W905 13:18:30.563719163 ProcessGroupNCCL.cpp:1876] [PG ID 0 PG GUID 0 Rank 2] Failed to check the "should dump" flag on TCPStore, (maybe TCPStore server has shut down too early), with error: Broken pipe
[rank2]:[W905 13:18:31.563832361 TCPStore.cpp:106] [c10d] sendBytes failed on SocketImpl(fd=46, addr=[gx10-3c79]:34692, remote=[gx10-3c6d]:29521): Broken pipe
Exception raised from sendBytes at /__w/pytorch/pytorch/torch/csrc/distributed/c10d/Utils.hpp:758 (most recent call first):
frame #0: c10::Error::Error(c10::SourceLocation, std::__cxx11::basic_string<char, std::char_traits<char>, std::allocator<char> >) + 0xc8 (0xf6b93a39e158 in /usr/local/lib/python3.12/dist-packages/torch/lib/libc10.so)
frame #1: c10::DistError::DistError(c10::SourceLocation, std::__cxx11::basic_string<char, std::char_traits<char>, std::allocator<char> >) + 0x78 (0xf6b93a39ed48 in /usr/local/lib/python3.12/dist-packages/torch/lib/libc10.so)
frame #2: c10::DistNetworkError::DistNetworkError(c10::SourceLocation, std::__cxx11::basic_string<char, std::char_traits<char>, std::allocator<char> >) + 0x78 (0xf6b93a39f0c8 in /usr/local/lib/python3.12/dist-packages/torch/lib/libc10.so)
frame #3: <unknown function> + 0x70b77ec (0xf6b957d077ec in /usr/local/lib/python3.12/dist-packages/torch/lib/libtorch_cpu.so)
frame #4: <unknown function> + 0x70b9aa4 (0xf6b957d09aa4 in /usr/local/lib/python3.12/dist-packages/torch/lib/libtorch_cpu.so)
frame #5: <unknown function> + 0x70b9c18 (0xf6b957d09c18 in /usr/local/lib/python3.12/dist-packages/torch/lib/libtorch_cpu.so)
frame #6: c10d::TCPStore::check(std::vector<std::__cxx11::basic_string<char, std::char_traits<char>, std::allocator<char> >, std::allocator<std::__cxx11::basic_string<char, std::char_traits<char>, std::allocator<char> > > > const&) + 0x23c (0xf6b957d0ab1c in /usr/local/lib/python3.12/dist-packages/torch/lib/libtorch_cpu.so)
frame #7: c10d::ProcessGroupNCCL::HeartbeatMonitor::runLoop() + 0x330 (0xf6b93b2e7350 in /usr/local/lib/python3.12/dist-packages/torch/lib/libtorch_cuda.so)
frame #8: <unknown function> + 0xe1ae0 (0xf6b9eb4e1ae0 in /usr/lib/aarch64-linux-gnu/libstdc++.so.6)
frame #9: <unknown function> + 0x8582c (0xf6b9ec12582c in /usr/lib/aarch64-linux-gnu/libc.so.6)
frame #10: <unknown function> + 0xeb79c (0xf6b9ec18b79c in /usr/lib/aarch64-linux-gnu/libc.so.6)

[rank2]:[W905 13:18:31.565257941 ProcessGroupNCCL.cpp:1876] [PG ID 0 PG GUID 0 Rank 2] Failed to check the "should dump" flag on TCPStore, (maybe TCPStore server has shut down too early), with error: Broken pipe
[rank2]:[W905 13:18:32.565375749 TCPStore.cpp:106] [c10d] sendBytes failed on SocketImpl(fd=46, addr=[gx10-3c79]:34692, remote=[gx10-3c6d]:29521): Broken pipe
Exception raised from sendBytes at /__w/pytorch/pytorch/torch/csrc/distributed/c10d/Utils.hpp:758 (most recent call first):
frame #0: c10::Error::Error(c10::SourceLocation, std::__cxx11::basic_string<char, std::char_traits<char>, std::allocator<char> >) + 0xc8 (0xf6b93a39e158 in /usr/local/lib/python3.12/dist-packages/torch/lib/libc10.so)
frame #1: c10::DistError::DistError(c10::SourceLocation, std::__cxx11::basic_string<char, std::char_traits<char>, std::allocator<char> >) + 0x78 (0xf6b93a39ed48 in /usr/local/lib/python3.12/dist-packages/torch/lib/libc10.so)
frame #2: c10::DistNetworkError::DistNetworkError(c10::SourceLocation, std::__cxx11::basic_string<char, std::char_traits<char>, std::allocator<char> >) + 0x78 (0xf6b93a39f0c8 in /usr/local/lib/python3.12/dist-packages/torch/lib/libc10.so)
frame #3: <unknown function> + 0x70b77ec (0xf6b957d077ec in /usr/local/lib/python3.12/dist-packages/torch/lib/libtorch_cpu.so)
frame #4: <unknown function> + 0x70b9aa4 (0xf6b957d09aa4 in /usr/local/lib/python3.12/dist-packages/torch/lib/libtorch_cpu.so)
frame #5: <unknown function> + 0x70b9c18 (0xf6b957d09c18 in /usr/local/lib/python3.12/dist-packages/torch/lib/libtorch_cpu.so)
frame #6: c10d::TCPStore::check(std::vector<std::__cxx11::basic_string<char, std::char_traits<char>, std::allocator<char> >, std::allocator<std::__cxx11::basic_string<char, std::char_traits<char>, std::allocator<char> > > > const&) + 0x23c (0xf6b957d0ab1c in /usr/local/lib/python3.12/dist-packages/torch/lib/libtorch_cpu.so)
frame #7: c10d::ProcessGroupNCCL::HeartbeatMonitor::runLoop() + 0x330 (0xf6b93b2e7350 in /usr/local/lib/python3.12/dist-packages/torch/lib/libtorch_cuda.so)
frame #8: <unknown function> + 0xe1ae0 (0xf6b9eb4e1ae0 in /usr/lib/aarch64-linux-gnu/libstdc++.so.6)
frame #9: <unknown function> + 0x8582c (0xf6b9ec12582c in /usr/lib/aarch64-linux-gnu/libc.so.6)
frame #10: <unknown function> + 0xeb79c (0xf6b9ec18b79c in /usr/lib/aarch64-linux-gnu/libc.so.6)

[rank2]:[W905 13:18:32.566804145 ProcessGroupNCCL.cpp:1876] [PG ID 0 PG GUID 0 Rank 2] Failed to check the "should dump" flag on TCPStore, (maybe TCPStore server has shut down too early), with error: Broken pipe
[rank2]:[W905 13:18:33.566919891 TCPStore.cpp:106] [c10d] sendBytes failed on SocketImpl(fd=46, addr=[gx10-3c79]:34692, remote=[gx10-3c6d]:29521): Broken pipe
Exception raised from sendBytes at /__w/pytorch/pytorch/torch/csrc/distributed/c10d/Utils.hpp:758 (most recent call first):
frame #0: c10::Error::Error(c10::SourceLocation, std::__cxx11::basic_string<char, std::char_traits<char>, std::allocator<char> >) + 0xc8 (0xf6b93a39e158 in /usr/local/lib/python3.12/dist-packages/torch/lib/libc10.so)
frame #1: c10::DistError::DistError(c10::SourceLocation, std::__cxx11::basic_string<char, std::char_traits<char>, std::allocator<char> >) + 0x78 (0xf6b93a39ed48 in /usr/local/lib/python3.12/dist-packages/torch/lib/libc10.so)
frame #2: c10::DistNetworkError::DistNetworkError(c10::SourceLocation, std::__cxx11::basic_string<char, std::char_traits<char>, std::allocator<char> >) + 0x78 (0xf6b93a39f0c8 in /usr/local/lib/python3.12/dist-packages/torch/lib/libc10.so)
frame #3: <unknown function> + 0x70b77ec (0xf6b957d077ec in /usr/local/lib/python3.12/dist-packages/torch/lib/libtorch_cpu.so)
frame #4: <unknown function> + 0x70b9aa4 (0xf6b957d09aa4 in /usr/local/lib/python3.12/dist-packages/torch/lib/libtorch_cpu.so)
frame #5: <unknown function> + 0x70b9c18 (0xf6b957d09c18 in /usr/local/lib/python3.12/dist-packages/torch/lib/libtorch_cpu.so)
frame #6: c10d::TCPStore::check(std::vector<std::__cxx11::basic_string<char, std::char_traits<char>, std::allocator<char> >, std::allocator<std::__cxx11::basic_string<char, std::char_traits<char>, std::allocator<char> > > > const&) + 0x23c (0xf6b957d0ab1c in /usr/local/lib/python3.12/dist-packages/torch/lib/libtorch_cpu.so)
frame #7: c10d::ProcessGroupNCCL::HeartbeatMonitor::runLoop() + 0x330 (0xf6b93b2e7350 in /usr/local/lib/python3.12/dist-packages/torch/lib/libtorch_cuda.so)
frame #8: <unknown function> + 0xe1ae0 (0xf6b9eb4e1ae0 in /usr/lib/aarch64-linux-gnu/libstdc++.so.6)
frame #9: <unknown function> + 0x8582c (0xf6b9ec12582c in /usr/lib/aarch64-linux-gnu/libc.so.6)
frame #10: <unknown function> + 0xeb79c (0xf6b9ec18b79c in /usr/lib/aarch64-linux-gnu/libc.so.6)

[rank2]:[W905 13:18:33.568314143 ProcessGroupNCCL.cpp:1876] [PG ID 0 PG GUID 0 Rank 2] Failed to check the "should dump" flag on TCPStore, (maybe TCPStore server has shut down too early), with error: Broken pipe
[rank2]:[W905 13:18:34.568441332 TCPStore.cpp:106] [c10d] sendBytes failed on SocketImpl(fd=46, addr=[gx10-3c79]:34692, remote=[gx10-3c6d]:29521): Broken pipe
Exception raised from sendBytes at /__w/pytorch/pytorch/torch/csrc/distributed/c10d/Utils.hpp:758 (most recent call first):
frame #0: c10::Error::Error(c10::SourceLocation, std::__cxx11::basic_string<char, std::char_traits<char>, std::allocator<char> >) + 0xc8 (0xf6b93a39e158 in /usr/local/lib/python3.12/dist-packages/torch/lib/libc10.so)
frame #1: c10::DistError::DistError(c10::SourceLocation, std::__cxx11::basic_string<char, std::char_traits<char>, std::allocator<char> >) + 0x78 (0xf6b93a39ed48 in /usr/local/lib/python3.12/dist-packages/torch/lib/libc10.so)
frame #2: c10::DistNetworkError::DistNetworkError(c10::SourceLocation, std::__cxx11::basic_string<char, std::char_traits<char>, std::allocator<char> >) + 0x78 (0xf6b93a39f0c8 in /usr/local/lib/python3.12/dist-packages/torch/lib/libc10.so)
frame #3: <unknown function> + 0x70b77ec (0xf6b957d077ec in /usr/local/lib/python3.12/dist-packages/torch/lib/libtorch_cpu.so)
frame #4: <unknown function> + 0x70b9aa4 (0xf6b957d09aa4 in /usr/local/lib/python3.12/dist-packages/torch/lib/libtorch_cpu.so)
frame #5: <unknown function> + 0x70b9c18 (0xf6b957d09c18 in /usr/local/lib/python3.12/dist-packages/torch/lib/libtorch_cpu.so)
frame #6: c10d::TCPStore::check(std::vector<std::__cxx11::basic_string<char, std::char_traits<char>, std::allocator<char> >, std::allocator<std::__cxx11::basic_string<char, std::char_traits<char>, std::allocator<char> > > > const&) + 0x23c (0xf6b957d0ab1c in /usr/local/lib/python3.12/dist-packages/torch/lib/libtorch_cpu.so)
frame #7: c10d::ProcessGroupNCCL::HeartbeatMonitor::runLoop() + 0x330 (0xf6b93b2e7350 in /usr/local/lib/python3.12/dist-packages/torch/lib/libtorch_cuda.so)
frame #8: <unknown function> + 0xe1ae0 (0xf6b9eb4e1ae0 in /usr/lib/aarch64-linux-gnu/libstdc++.so.6)
frame #9: <unknown function> + 0x8582c (0xf6b9ec12582c in /usr/lib/aarch64-linux-gnu/libc.so.6)
frame #10: <unknown function> + 0xeb79c (0xf6b9ec18b79c in /usr/lib/aarch64-linux-gnu/libc.so.6)

[rank2]:[W905 13:18:34.569882495 ProcessGroupNCCL.cpp:1876] [PG ID 0 PG GUID 0 Rank 2] Failed to check the "should dump" flag on TCPStore, (maybe TCPStore server has shut down too early), with error: Broken pipe
[rank2]:[W905 13:18:35.569998214 TCPStore.cpp:106] [c10d] sendBytes failed on SocketImpl(fd=46, addr=[gx10-3c79]:34692, remote=[gx10-3c6d]:29521): Broken pipe
Exception raised from sendBytes at /__w/pytorch/pytorch/torch/csrc/distributed/c10d/Utils.hpp:758 (most recent call first):
frame #0: c10::Error::Error(c10::SourceLocation, std::__cxx11::basic_string<char, std::char_traits<char>, std::allocator<char> >) + 0xc8 (0xf6b93a39e158 in /usr/local/lib/python3.12/dist-packages/torch/lib/libc10.so)
frame #1: c10::DistError::DistError(c10::SourceLocation, std::__cxx11::basic_string<char, std::char_traits<char>, std::allocator<char> >) + 0x78 (0xf6b93a39ed48 in /usr/local/lib/python3.12/dist-packages/torch/lib/libc10.so)
frame #2: c10::DistNetworkError::DistNetworkError(c10::SourceLocation, std::__cxx11::basic_string<char, std::char_traits<char>, std::allocator<char> >) + 0x78 (0xf6b93a39f0c8 in /usr/local/lib/python3.12/dist-packages/torch/lib/libc10.so)
frame #3: <unknown function> + 0x70b77ec (0xf6b957d077ec in /usr/local/lib/python3.12/dist-packages/torch/lib/libtorch_cpu.so)
frame #4: <unknown function> + 0x70b9aa4 (0xf6b957d09aa4 in /usr/local/lib/python3.12/dist-packages/torch/lib/libtorch_cpu.so)
frame #5: <unknown function> + 0x70b9c18 (0xf6b957d09c18 in /usr/local/lib/python3.12/dist-packages/torch/lib/libtorch_cpu.so)
frame #6: c10d::TCPStore::check(std::vector<std::__cxx11::basic_string<char, std::char_traits<char>, std::allocator<char> >, std::allocator<std::__cxx11::basic_string<char, std::char_traits<char>, std::allocator<char> > > > const&) + 0x23c (0xf6b957d0ab1c in /usr/local/lib/python3.12/dist-packages/torch/lib/libtorch_cpu.so)
frame #7: c10d::ProcessGroupNCCL::HeartbeatMonitor::runLoop() + 0x330 (0xf6b93b2e7350 in /usr/local/lib/python3.12/dist-packages/torch/lib/libtorch_cuda.so)
frame #8: <unknown function> + 0xe1ae0 (0xf6b9eb4e1ae0 in /usr/lib/aarch64-linux-gnu/libstdc++.so.6)
frame #9: <unknown function> + 0x8582c (0xf6b9ec12582c in /usr/lib/aarch64-linux-gnu/libc.so.6)
frame #10: <unknown function> + 0xeb79c (0xf6b9ec18b79c in /usr/lib/aarch64-linux-gnu/libc.so.6)

[rank2]:[W905 13:18:35.571427265 ProcessGroupNCCL.cpp:1876] [PG ID 0 PG GUID 0 Rank 2] Failed to check the "should dump" flag on TCPStore, (maybe TCPStore server has shut down too early), with error: Broken pipe
[rank2]:[W905 13:18:36.571554954 TCPStore.cpp:106] [c10d] sendBytes failed on SocketImpl(fd=46, addr=[gx10-3c79]:34692, remote=[gx10-3c6d]:29521): Broken pipe
Exception raised from sendBytes at /__w/pytorch/pytorch/torch/csrc/distributed/c10d/Utils.hpp:758 (most recent call first):
frame #0: c10::Error::Error(c10::SourceLocation, std::__cxx11::basic_string<char, std::char_traits<char>, std::allocator<char> >) + 0xc8 (0xf6b93a39e158 in /usr/local/lib/python3.12/dist-packages/torch/lib/libc10.so)
frame #1: c10::DistError::DistError(c10::SourceLocation, std::__cxx11::basic_string<char, std::char_traits<char>, std::allocator<char> >) + 0x78 (0xf6b93a39ed48 in /usr/local/lib/python3.12/dist-packages/torch/lib/libc10.so)
frame #2: c10::DistNetworkError::DistNetworkError(c10::SourceLocation, std::__cxx11::basic_string<char, std::char_traits<char>, std::allocator<char> >) + 0x78 (0xf6b93a39f0c8 in /usr/local/lib/python3.12/dist-packages/torch/lib/libc10.so)
frame #3: <unknown function> + 0x70b77ec (0xf6b957d077ec in /usr/local/lib/python3.12/dist-packages/torch/lib/libtorch_cpu.so)
frame #4: <unknown function> + 0x70b9aa4 (0xf6b957d09aa4 in /usr/local/lib/python3.12/dist-packages/torch/lib/libtorch_cpu.so)
frame #5: <unknown function> + 0x70b9c18 (0xf6b957d09c18 in /usr/local/lib/python3.12/dist-packages/torch/lib/libtorch_cpu.so)
frame #6: c10d::TCPStore::check(std::vector<std::__cxx11::basic_string<char, std::char_traits<char>, std::allocator<char> >, std::allocator<std::__cxx11::basic_string<char, std::char_traits<char>, std::allocator<char> > > > const&) + 0x23c (0xf6b957d0ab1c in /usr/local/lib/python3.12/dist-packages/torch/lib/libtorch_cpu.so)
frame #7: c10d::ProcessGroupNCCL::HeartbeatMonitor::runLoop() + 0x330 (0xf6b93b2e7350 in /usr/local/lib/python3.12/dist-packages/torch/lib/libtorch_cuda.so)
frame #8: <unknown function> + 0xe1ae0 (0xf6b9eb4e1ae0 in /usr/lib/aarch64-linux-gnu/libstdc++.so.6)
frame #9: <unknown function> + 0x8582c (0xf6b9ec12582c in /usr/lib/aarch64-linux-gnu/libc.so.6)
frame #10: <unknown function> + 0xeb79c (0xf6b9ec18b79c in /usr/lib/aarch64-linux-gnu/libc.so.6)

[rank2]:[W905 13:18:36.572978741 ProcessGroupNCCL.cpp:1876] [PG ID 0 PG GUID 0 Rank 2] Failed to check the "should dump" flag on TCPStore, (maybe TCPStore server has shut down too early), with error: Broken pipe
[rank2]:[W905 13:18:37.573088880 TCPStore.cpp:106] [c10d] sendBytes failed on SocketImpl(fd=46, addr=[gx10-3c79]:34692, remote=[gx10-3c6d]:29521): Broken pipe
Exception raised from sendBytes at /__w/pytorch/pytorch/torch/csrc/distributed/c10d/Utils.hpp:758 (most recent call first):
frame #0: c10::Error::Error(c10::SourceLocation, std::__cxx11::basic_string<char, std::char_traits<char>, std::allocator<char> >) + 0xc8 (0xf6b93a39e158 in /usr/local/lib/python3.12/dist-packages/torch/lib/libc10.so)
frame #1: c10::DistError::DistError(c10::SourceLocation, std::__cxx11::basic_string<char, std::char_traits<char>, std::allocator<char> >) + 0x78 (0xf6b93a39ed48 in /usr/local/lib/python3.12/dist-packages/torch/lib/libc10.so)
frame #2: c10::DistNetworkError::DistNetworkError(c10::SourceLocation, std::__cxx11::basic_string<char, std::char_traits<char>, std::allocator<char> >) + 0x78 (0xf6b93a39f0c8 in /usr/local/lib/python3.12/dist-packages/torch/lib/libc10.so)
frame #3: <unknown function> + 0x70b77ec (0xf6b957d077ec in /usr/local/lib/python3.12/dist-packages/torch/lib/libtorch_cpu.so)
frame #4: <unknown function> + 0x70b9aa4 (0xf6b957d09aa4 in /usr/local/lib/python3.12/dist-packages/torch/lib/libtorch_cpu.so)
frame #5: <unknown function> + 0x70b9c18 (0xf6b957d09c18 in /usr/local/lib/python3.12/dist-packages/torch/lib/libtorch_cpu.so)
frame #6: c10d::TCPStore::check(std::vector<std::__cxx11::basic_string<char, std::char_traits<char>, std::allocator<char> >, std::allocator<std::__cxx11::basic_string<char, std::char_traits<char>, std::allocator<char> > > > const&) + 0x23c (0xf6b957d0ab1c in /usr/local/lib/python3.12/dist-packages/torch/lib/libtorch_cpu.so)
frame #7: c10d::ProcessGroupNCCL::HeartbeatMonitor::runLoop() + 0x330 (0xf6b93b2e7350 in /usr/local/lib/python3.12/dist-packages/torch/lib/libtorch_cuda.so)
frame #8: <unknown function> + 0xe1ae0 (0xf6b9eb4e1ae0 in /usr/lib/aarch64-linux-gnu/libstdc++.so.6)
frame #9: <unknown function> + 0x8582c (0xf6b9ec12582c in /usr/lib/aarch64-linux-gnu/libc.so.6)
frame #10: <unknown function> + 0xeb79c (0xf6b9ec18b79c in /usr/lib/aarch64-linux-gnu/libc.so.6)

[rank2]:[W905 13:18:37.574493867 ProcessGroupNCCL.cpp:1876] [PG ID 0 PG GUID 0 Rank 2] Failed to check the "should dump" flag on TCPStore, (maybe TCPStore server has shut down too early), with error: Broken pipe
[rank2]:[W905 13:18:38.574607288 TCPStore.cpp:106] [c10d] sendBytes failed on SocketImpl(fd=46, addr=[gx10-3c79]:34692, remote=[gx10-3c6d]:29521): Broken pipe
Exception raised from sendBytes at /__w/pytorch/pytorch/torch/csrc/distributed/c10d/Utils.hpp:758 (most recent call first):
frame #0: c10::Error::Error(c10::SourceLocation, std::__cxx11::basic_string<char, std::char_traits<char>, std::allocator<char> >) + 0xc8 (0xf6b93a39e158 in /usr/local/lib/python3.12/dist-packages/torch/lib/libc10.so)
frame #1: c10::DistError::DistError(c10::SourceLocation, std::__cxx11::basic_string<char, std::char_traits<char>, std::allocator<char> >) + 0x78 (0xf6b93a39ed48 in /usr/local/lib/python3.12/dist-packages/torch/lib/libc10.so)
frame #2: c10::DistNetworkError::DistNetworkError(c10::SourceLocation, std::__cxx11::basic_string<char, std::char_traits<char>, std::allocator<char> >) + 0x78 (0xf6b93a39f0c8 in /usr/local/lib/python3.12/dist-packages/torch/lib/libc10.so)
frame #3: <unknown function> + 0x70b77ec (0xf6b957d077ec in /usr/local/lib/python3.12/dist-packages/torch/lib/libtorch_cpu.so)
frame #4: <unknown function> + 0x70b9aa4 (0xf6b957d09aa4 in /usr/local/lib/python3.12/dist-packages/torch/lib/libtorch_cpu.so)
frame #5: <unknown function> + 0x70b9c18 (0xf6b957d09c18 in /usr/local/lib/python3.12/dist-packages/torch/lib/libtorch_cpu.so)
frame #6: c10d::TCPStore::check(std::vector<std::__cxx11::basic_string<char, std::char_traits<char>, std::allocator<char> >, std::allocator<std::__cxx11::basic_string<char, std::char_traits<char>, std::allocator<char> > > > const&) + 0x23c (0xf6b957d0ab1c in /usr/local/lib/python3.12/dist-packages/torch/lib/libtorch_cpu.so)
frame #7: c10d::ProcessGroupNCCL::HeartbeatMonitor::runLoop() + 0x330 (0xf6b93b2e7350 in /usr/local/lib/python3.12/dist-packages/torch/lib/libtorch_cuda.so)
frame #8: <unknown function> + 0xe1ae0 (0xf6b9eb4e1ae0 in /usr/lib/aarch64-linux-gnu/libstdc++.so.6)
frame #9: <unknown function> + 0x8582c (0xf6b9ec12582c in /usr/lib/aarch64-linux-gnu/libc.so.6)
frame #10: <unknown function> + 0xeb79c (0xf6b9ec18b79c in /usr/lib/aarch64-linux-gnu/libc.so.6)

[rank2]:[W905 13:18:38.576020515 ProcessGroupNCCL.cpp:1876] [PG ID 0 PG GUID 0 Rank 2] Failed to check the "should dump" flag on TCPStore, (maybe TCPStore server has shut down too early), with error: Broken pipe
[rank2]:[W905 13:18:39.576150913 TCPStore.cpp:106] [c10d] sendBytes failed on SocketImpl(fd=46, addr=[gx10-3c79]:34692, remote=[gx10-3c6d]:29521): Broken pipe
Exception raised from sendBytes at /__w/pytorch/pytorch/torch/csrc/distributed/c10d/Utils.hpp:758 (most recent call first):
frame #0: c10::Error::Error(c10::SourceLocation, std::__cxx11::basic_string<char, std::char_traits<char>, std::allocator<char> >) + 0xc8 (0xf6b93a39e158 in /usr/local/lib/python3.12/dist-packages/torch/lib/libc10.so)
frame #1: c10::DistError::DistError(c10::SourceLocation, std::__cxx11::basic_string<char, std::char_traits<char>, std::allocator<char> >) + 0x78 (0xf6b93a39ed48 in /usr/local/lib/python3.12/dist-packages/torch/lib/libc10.so)
frame #2: c10::DistNetworkError::DistNetworkError(c10::SourceLocation, std::__cxx11::basic_string<char, std::char_traits<char>, std::allocator<char> >) + 0x78 (0xf6b93a39f0c8 in /usr/local/lib/python3.12/dist-packages/torch/lib/libc10.so)
frame #3: <unknown function> + 0x70b77ec (0xf6b957d077ec in /usr/local/lib/python3.12/dist-packages/torch/lib/libtorch_cpu.so)
frame #4: <unknown function> + 0x70b9aa4 (0xf6b957d09aa4 in /usr/local/lib/python3.12/dist-packages/torch/lib/libtorch_cpu.so)
frame #5: <unknown function> + 0x70b9c18 (0xf6b957d09c18 in /usr/local/lib/python3.12/dist-packages/torch/lib/libtorch_cpu.so)
frame #6: c10d::TCPStore::check(std::vector<std::__cxx11::basic_string<char, std::char_traits<char>, std::allocator<char> >, std::allocator<std::__cxx11::basic_string<char, std::char_traits<char>, std::allocator<char> > > > const&) + 0x23c (0xf6b957d0ab1c in /usr/local/lib/python3.12/dist-packages/torch/lib/libtorch_cpu.so)
frame #7: c10d::ProcessGroupNCCL::HeartbeatMonitor::runLoop() + 0x330 (0xf6b93b2e7350 in /usr/local/lib/python3.12/dist-packages/torch/lib/libtorch_cuda.so)
frame #8: <unknown function> + 0xe1ae0 (0xf6b9eb4e1ae0 in /usr/lib/aarch64-linux-gnu/libstdc++.so.6)
frame #9: <unknown function> + 0x8582c (0xf6b9ec12582c in /usr/lib/aarch64-linux-gnu/libc.so.6)
frame #10: <unknown function> + 0xeb79c (0xf6b9ec18b79c in /usr/lib/aarch64-linux-gnu/libc.so.6)

[rank2]:[W905 13:18:39.577574285 ProcessGroupNCCL.cpp:1876] [PG ID 0 PG GUID 0 Rank 2] Failed to check the "should dump" flag on TCPStore, (maybe TCPStore server has shut down too early), with error: Broken pipe
[rank2]:[W905 13:18:40.578037932 TCPStore.cpp:106] [c10d] sendBytes failed on SocketImpl(fd=46, addr=[gx10-3c79]:34692, remote=[gx10-3c6d]:29521): Broken pipe
Exception raised from sendBytes at /__w/pytorch/pytorch/torch/csrc/distributed/c10d/Utils.hpp:758 (most recent call first):
frame #0: c10::Error::Error(c10::SourceLocation, std::__cxx11::basic_string<char, std::char_traits<char>, std::allocator<char> >) + 0xc8 (0xf6b93a39e158 in /usr/local/lib/python3.12/dist-packages/torch/lib/libc10.so)
frame #1: c10::DistError::DistError(c10::SourceLocation, std::__cxx11::basic_string<char, std::char_traits<char>, std::allocator<char> >) + 0x78 (0xf6b93a39ed48 in /usr/local/lib/python3.12/dist-packages/torch/lib/libc10.so)
frame #2: c10::DistNetworkError::DistNetworkError(c10::SourceLocation, std::__cxx11::basic_string<char, std::char_traits<char>, std::allocator<char> >) + 0x78 (0xf6b93a39f0c8 in /usr/local/lib/python3.12/dist-packages/torch/lib/libc10.so)
frame #3: <unknown function> + 0x70b77ec (0xf6b957d077ec in /usr/local/lib/python3.12/dist-packages/torch/lib/libtorch_cpu.so)
frame #4: <unknown function> + 0x70b9aa4 (0xf6b957d09aa4 in /usr/local/lib/python3.12/dist-packages/torch/lib/libtorch_cpu.so)
frame #5: <unknown function> + 0x70b9c18 (0xf6b957d09c18 in /usr/local/lib/python3.12/dist-packages/torch/lib/libtorch_cpu.so)
frame #6: c10d::TCPStore::check(std::vector<std::__cxx11::basic_string<char, std::char_traits<char>, std::allocator<char> >, std::allocator<std::__cxx11::basic_string<char, std::char_traits<char>, std::allocator<char> > > > const&) + 0x23c (0xf6b957d0ab1c in /usr/local/lib/python3.12/dist-packages/torch/lib/libtorch_cpu.so)
frame #7: c10d::ProcessGroupNCCL::HeartbeatMonitor::runLoop() + 0x330 (0xf6b93b2e7350 in /usr/local/lib/python3.12/dist-packages/torch/lib/libtorch_cuda.so)
frame #8: <unknown function> + 0xe1ae0 (0xf6b9eb4e1ae0 in /usr/lib/aarch64-linux-gnu/libstdc++.so.6)
frame #9: <unknown function> + 0x8582c (0xf6b9ec12582c in /usr/lib/aarch64-linux-gnu/libc.so.6)
frame #10: <unknown function> + 0xeb79c (0xf6b9ec18b79c in /usr/lib/aarch64-linux-gnu/libc.so.6)

[rank2]:[W905 13:18:40.580242469 ProcessGroupNCCL.cpp:1876] [PG ID 0 PG GUID 0 Rank 2] Failed to check the "should dump" flag on TCPStore, (maybe TCPStore server has shut down too early), with error: Broken pipe
[rank2]:[W905 13:18:41.580368535 TCPStore.cpp:106] [c10d] sendBytes failed on SocketImpl(fd=46, addr=[gx10-3c79]:34692, remote=[gx10-3c6d]:29521): Broken pipe
Exception raised from sendBytes at /__w/pytorch/pytorch/torch/csrc/distributed/c10d/Utils.hpp:758 (most recent call first):
frame #0: c10::Error::Error(c10::SourceLocation, std::__cxx11::basic_string<char, std::char_traits<char>, std::allocator<char> >) + 0xc8 (0xf6b93a39e158 in /usr/local/lib/python3.12/dist-packages/torch/lib/libc10.so)
frame #1: c10::DistError::DistError(c10::SourceLocation, std::__cxx11::basic_string<char, std::char_traits<char>, std::allocator<char> >) + 0x78 (0xf6b93a39ed48 in /usr/local/lib/python3.12/dist-packages/torch/lib/libc10.so)
frame #2: c10::DistNetworkError::DistNetworkError(c10::SourceLocation, std::__cxx11::basic_string<char, std::char_traits<char>, std::allocator<char> >) + 0x78 (0xf6b93a39f0c8 in /usr/local/lib/python3.12/dist-packages/torch/lib/libc10.so)
frame #3: <unknown function> + 0x70b77ec (0xf6b957d077ec in /usr/local/lib/python3.12/dist-packages/torch/lib/libtorch_cpu.so)
frame #4: <unknown function> + 0x70b9aa4 (0xf6b957d09aa4 in /usr/local/lib/python3.12/dist-packages/torch/lib/libtorch_cpu.so)
frame #5: <unknown function> + 0x70b9c18 (0xf6b957d09c18 in /usr/local/lib/python3.12/dist-packages/torch/lib/libtorch_cpu.so)
frame #6: c10d::TCPStore::check(std::vector<std::__cxx11::basic_string<char, std::char_traits<char>, std::allocator<char> >, std::allocator<std::__cxx11::basic_string<char, std::char_traits<char>, std::allocator<char> > > > const&) + 0x23c (0xf6b957d0ab1c in /usr/local/lib/python3.12/dist-packages/torch/lib/libtorch_cpu.so)
frame #7: c10d::ProcessGroupNCCL::HeartbeatMonitor::runLoop() + 0x330 (0xf6b93b2e7350 in /usr/local/lib/python3.12/dist-packages/torch/lib/libtorch_cuda.so)
frame #8: <unknown function> + 0xe1ae0 (0xf6b9eb4e1ae0 in /usr/lib/aarch64-linux-gnu/libstdc++.so.6)
frame #9: <unknown function> + 0x8582c (0xf6b9ec12582c in /usr/lib/aarch64-linux-gnu/libc.so.6)
frame #10: <unknown function> + 0xeb79c (0xf6b9ec18b79c in /usr/lib/aarch64-linux-gnu/libc.so.6)

[rank2]:[W905 13:18:41.582579889 ProcessGroupNCCL.cpp:1876] [PG ID 0 PG GUID 0 Rank 2] Failed to check the "should dump" flag on TCPStore, (maybe TCPStore server has shut down too early), with error: Broken pipe
[rank2]:[W905 13:18:42.582704501 TCPStore.cpp:106] [c10d] sendBytes failed on SocketImpl(fd=46, addr=[gx10-3c79]:34692, remote=[gx10-3c6d]:29521): Broken pipe
Exception raised from sendBytes at /__w/pytorch/pytorch/torch/csrc/distributed/c10d/Utils.hpp:758 (most recent call first):
frame #0: c10::Error::Error(c10::SourceLocation, std::__cxx11::basic_string<char, std::char_traits<char>, std::allocator<char> >) + 0xc8 (0xf6b93a39e158 in /usr/local/lib/python3.12/dist-packages/torch/lib/libc10.so)
frame #1: c10::DistError::DistError(c10::SourceLocation, std::__cxx11::basic_string<char, std::char_traits<char>, std::allocator<char> >) + 0x78 (0xf6b93a39ed48 in /usr/local/lib/python3.12/dist-packages/torch/lib/libc10.so)
frame #2: c10::DistNetworkError::DistNetworkError(c10::SourceLocation, std::__cxx11::basic_string<char, std::char_traits<char>, std::allocator<char> >) + 0x78 (0xf6b93a39f0c8 in /usr/local/lib/python3.12/dist-packages/torch/lib/libc10.so)
frame #3: <unknown function> + 0x70b77ec (0xf6b957d077ec in /usr/local/lib/python3.12/dist-packages/torch/lib/libtorch_cpu.so)
frame #4: <unknown function> + 0x70b9aa4 (0xf6b957d09aa4 in /usr/local/lib/python3.12/dist-packages/torch/lib/libtorch_cpu.so)
frame #5: <unknown function> + 0x70b9c18 (0xf6b957d09c18 in /usr/local/lib/python3.12/dist-packages/torch/lib/libtorch_cpu.so)
frame #6: c10d::TCPStore::check(std::vector<std::__cxx11::basic_string<char, std::char_traits<char>, std::allocator<char> >, std::allocator<std::__cxx11::basic_string<char, std::char_traits<char>, std::allocator<char> > > > const&) + 0x23c (0xf6b957d0ab1c in /usr/local/lib/python3.12/dist-packages/torch/lib/libtorch_cpu.so)
frame #7: c10d::ProcessGroupNCCL::HeartbeatMonitor::runLoop() + 0x330 (0xf6b93b2e7350 in /usr/local/lib/python3.12/dist-packages/torch/lib/libtorch_cuda.so)
frame #8: <unknown function> + 0xe1ae0 (0xf6b9eb4e1ae0 in /usr/lib/aarch64-linux-gnu/libstdc++.so.6)
frame #9: <unknown function> + 0x8582c (0xf6b9ec12582c in /usr/lib/aarch64-linux-gnu/libc.so.6)
frame #10: <unknown function> + 0xeb79c (0xf6b9ec18b79c in /usr/lib/aarch64-linux-gnu/libc.so.6)

[rank2]:[W905 13:18:42.584916478 ProcessGroupNCCL.cpp:1876] [PG ID 0 PG GUID 0 Rank 2] Failed to check the "should dump" flag on TCPStore, (maybe TCPStore server has shut down too early), with error: Broken pipe
[rank2]:[W905 13:18:43.585053028 TCPStore.cpp:106] [c10d] sendBytes failed on SocketImpl(fd=46, addr=[gx10-3c79]:34692, remote=[gx10-3c6d]:29521): Broken pipe
Exception raised from sendBytes at /__w/pytorch/pytorch/torch/csrc/distributed/c10d/Utils.hpp:758 (most recent call first):
frame #0: c10::Error::Error(c10::SourceLocation, std::__cxx11::basic_string<char, std::char_traits<char>, std::allocator<char> >) + 0xc8 (0xf6b93a39e158 in /usr/local/lib/python3.12/dist-packages/torch/lib/libc10.so)
frame #1: c10::DistError::DistError(c10::SourceLocation, std::__cxx11::basic_string<char, std::char_traits<char>, std::allocator<char> >) + 0x78 (0xf6b93a39ed48 in /usr/local/lib/python3.12/dist-packages/torch/lib/libc10.so)
frame #2: c10::DistNetworkError::DistNetworkError(c10::SourceLocation, std::__cxx11::basic_string<char, std::char_traits<char>, std::allocator<char> >) + 0x78 (0xf6b93a39f0c8 in /usr/local/lib/python3.12/dist-packages/torch/lib/libc10.so)
frame #3: <unknown function> + 0x70b77ec (0xf6b957d077ec in /usr/local/lib/python3.12/dist-packages/torch/lib/libtorch_cpu.so)
frame #4: <unknown function> + 0x70b9aa4 (0xf6b957d09aa4 in /usr/local/lib/python3.12/dist-packages/torch/lib/libtorch_cpu.so)
frame #5: <unknown function> + 0x70b9c18 (0xf6b957d09c18 in /usr/local/lib/python3.12/dist-packages/torch/lib/libtorch_cpu.so)
frame #6: c10d::TCPStore::check(std::vector<std::__cxx11::basic_string<char, std::char_traits<char>, std::allocator<char> >, std::allocator<std::__cxx11::basic_string<char, std::char_traits<char>, std::allocator<char> > > > const&) + 0x23c (0xf6b957d0ab1c in /usr/local/lib/python3.12/dist-packages/torch/lib/libtorch_cpu.so)
frame #7: c10d::ProcessGroupNCCL::HeartbeatMonitor::runLoop() + 0x330 (0xf6b93b2e7350 in /usr/local/lib/python3.12/dist-packages/torch/lib/libtorch_cuda.so)
frame #8: <unknown function> + 0xe1ae0 (0xf6b9eb4e1ae0 in /usr/lib/aarch64-linux-gnu/libstdc++.so.6)
frame #9: <unknown function> + 0x8582c (0xf6b9ec12582c in /usr/lib/aarch64-linux-gnu/libc.so.6)
frame #10: <unknown function> + 0xeb79c (0xf6b9ec18b79c in /usr/lib/aarch64-linux-gnu/libc.so.6)

[rank2]:[W905 13:18:43.587271661 ProcessGroupNCCL.cpp:1876] [PG ID 0 PG GUID 0 Rank 2] Failed to check the "should dump" flag on TCPStore, (maybe TCPStore server has shut down too early), with error: Broken pipe
[rank2]:[W905 13:18:44.587412373 TCPStore.cpp:106] [c10d] sendBytes failed on SocketImpl(fd=46, addr=[gx10-3c79]:34692, remote=[gx10-3c6d]:29521): Broken pipe
Exception raised from sendBytes at /__w/pytorch/pytorch/torch/csrc/distributed/c10d/Utils.hpp:758 (most recent call first):
frame #0: c10::Error::Error(c10::SourceLocation, std::__cxx11::basic_string<char, std::char_traits<char>, std::allocator<char> >) + 0xc8 (0xf6b93a39e158 in /usr/local/lib/python3.12/dist-packages/torch/lib/libc10.so)
frame #1: c10::DistError::DistError(c10::SourceLocation, std::__cxx11::basic_string<char, std::char_traits<char>, std::allocator<char> >) + 0x78 (0xf6b93a39ed48 in /usr/local/lib/python3.12/dist-packages/torch/lib/libc10.so)
frame #2: c10::DistNetworkError::DistNetworkError(c10::SourceLocation, std::__cxx11::basic_string<char, std::char_traits<char>, std::allocator<char> >) + 0x78 (0xf6b93a39f0c8 in /usr/local/lib/python3.12/dist-packages/torch/lib/libc10.so)
frame #3: <unknown function> + 0x70b77ec (0xf6b957d077ec in /usr/local/lib/python3.12/dist-packages/torch/lib/libtorch_cpu.so)
frame #4: <unknown function> + 0x70b9aa4 (0xf6b957d09aa4 in /usr/local/lib/python3.12/dist-packages/torch/lib/libtorch_cpu.so)
frame #5: <unknown function> + 0x70b9c18 (0xf6b957d09c18 in /usr/local/lib/python3.12/dist-packages/torch/lib/libtorch_cpu.so)
frame #6: c10d::TCPStore::check(std::vector<std::__cxx11::basic_string<char, std::char_traits<char>, std::allocator<char> >, std::allocator<std::__cxx11::basic_string<char, std::char_traits<char>, std::allocator<char> > > > const&) + 0x23c (0xf6b957d0ab1c in /usr/local/lib/python3.12/dist-packages/torch/lib/libtorch_cpu.so)
frame #7: c10d::ProcessGroupNCCL::HeartbeatMonitor::runLoop() + 0x330 (0xf6b93b2e7350 in /usr/local/lib/python3.12/dist-packages/torch/lib/libtorch_cuda.so)
frame #8: <unknown function> + 0xe1ae0 (0xf6b9eb4e1ae0 in /usr/lib/aarch64-linux-gnu/libstdc++.so.6)
frame #9: <unknown function> + 0x8582c (0xf6b9ec12582c in /usr/lib/aarch64-linux-gnu/libc.so.6)
frame #10: <unknown function> + 0xeb79c (0xf6b9ec18b79c in /usr/lib/aarch64-linux-gnu/libc.so.6)

[rank2]:[W905 13:18:44.589613758 ProcessGroupNCCL.cpp:1876] [PG ID 0 PG GUID 0 Rank 2] Failed to check the "should dump" flag on TCPStore, (maybe TCPStore server has shut down too early), with error: Broken pipe
[rank2]:[W905 13:18:45.589758552 TCPStore.cpp:106] [c10d] sendBytes failed on SocketImpl(fd=46, addr=[gx10-3c79]:34692, remote=[gx10-3c6d]:29521): Broken pipe
Exception raised from sendBytes at /__w/pytorch/pytorch/torch/csrc/distributed/c10d/Utils.hpp:758 (most recent call first):
frame #0: c10::Error::Error(c10::SourceLocation, std::__cxx11::basic_string<char, std::char_traits<char>, std::allocator<char> >) + 0xc8 (0xf6b93a39e158 in /usr/local/lib/python3.12/dist-packages/torch/lib/libc10.so)
frame #1: c10::DistError::DistError(c10::SourceLocation, std::__cxx11::basic_string<char, std::char_traits<char>, std::allocator<char> >) + 0x78 (0xf6b93a39ed48 in /usr/local/lib/python3.12/dist-packages/torch/lib/libc10.so)
frame #2: c10::DistNetworkError::DistNetworkError(c10::SourceLocation, std::__cxx11::basic_string<char, std::char_traits<char>, std::allocator<char> >) + 0x78 (0xf6b93a39f0c8 in /usr/local/lib/python3.12/dist-packages/torch/lib/libc10.so)
frame #3: <unknown function> + 0x70b77ec (0xf6b957d077ec in /usr/local/lib/python3.12/dist-packages/torch/lib/libtorch_cpu.so)
frame #4: <unknown function> + 0x70b9aa4 (0xf6b957d09aa4 in /usr/local/lib/python3.12/dist-packages/torch/lib/libtorch_cpu.so)
frame #5: <unknown function> + 0x70b9c18 (0xf6b957d09c18 in /usr/local/lib/python3.12/dist-packages/torch/lib/libtorch_cpu.so)
frame #6: c10d::TCPStore::check(std::vector<std::__cxx11::basic_string<char, std::char_traits<char>, std::allocator<char> >, std::allocator<std::__cxx11::basic_string<char, std::char_traits<char>, std::allocator<char> > > > const&) + 0x23c (0xf6b957d0ab1c in /usr/local/lib/python3.12/dist-packages/torch/lib/libtorch_cpu.so)
frame #7: c10d::ProcessGroupNCCL::HeartbeatMonitor::runLoop() + 0x330 (0xf6b93b2e7350 in /usr/local/lib/python3.12/dist-packages/torch/lib/libtorch_cuda.so)
frame #8: <unknown function> + 0xe1ae0 (0xf6b9eb4e1ae0 in /usr/lib/aarch64-linux-gnu/libstdc++.so.6)
frame #9: <unknown function> + 0x8582c (0xf6b9ec12582c in /usr/lib/aarch64-linux-gnu/libc.so.6)
frame #10: <unknown function> + 0xeb79c (0xf6b9ec18b79c in /usr/lib/aarch64-linux-gnu/libc.so.6)

[rank2]:[W905 13:18:45.591963217 ProcessGroupNCCL.cpp:1876] [PG ID 0 PG GUID 0 Rank 2] Failed to check the "should dump" flag on TCPStore, (maybe TCPStore server has shut down too early), with error: Broken pipe
[rank2]:[W905 13:18:46.592087149 TCPStore.cpp:106] [c10d] sendBytes failed on SocketImpl(fd=46, addr=[gx10-3c79]:34692, remote=[gx10-3c6d]:29521): Broken pipe
Exception raised from sendBytes at /__w/pytorch/pytorch/torch/csrc/distributed/c10d/Utils.hpp:758 (most recent call first):
frame #0: c10::Error::Error(c10::SourceLocation, std::__cxx11::basic_string<char, std::char_traits<char>, std::allocator<char> >) + 0xc8 (0xf6b93a39e158 in /usr/local/lib/python3.12/dist-packages/torch/lib/libc10.so)
frame #1: c10::DistError::DistError(c10::SourceLocation, std::__cxx11::basic_string<char, std::char_traits<char>, std::allocator<char> >) + 0x78 (0xf6b93a39ed48 in /usr/local/lib/python3.12/dist-packages/torch/lib/libc10.so)
frame #2: c10::DistNetworkError::DistNetworkError(c10::SourceLocation, std::__cxx11::basic_string<char, std::char_traits<char>, std::allocator<char> >) + 0x78 (0xf6b93a39f0c8 in /usr/local/lib/python3.12/dist-packages/torch/lib/libc10.so)
frame #3: <unknown function> + 0x70b77ec (0xf6b957d077ec in /usr/local/lib/python3.12/dist-packages/torch/lib/libtorch_cpu.so)
frame #4: <unknown function> + 0x70b9aa4 (0xf6b957d09aa4 in /usr/local/lib/python3.12/dist-packages/torch/lib/libtorch_cpu.so)
frame #5: <unknown function> + 0x70b9c18 (0xf6b957d09c18 in /usr/local/lib/python3.12/dist-packages/torch/lib/libtorch_cpu.so)
frame #6: c10d::TCPStore::check(std::vector<std::__cxx11::basic_string<char, std::char_traits<char>, std::allocator<char> >, std::allocator<std::__cxx11::basic_string<char, std::char_traits<char>, std::allocator<char> > > > const&) + 0x23c (0xf6b957d0ab1c in /usr/local/lib/python3.12/dist-packages/torch/lib/libtorch_cpu.so)
frame #7: c10d::ProcessGroupNCCL::HeartbeatMonitor::runLoop() + 0x330 (0xf6b93b2e7350 in /usr/local/lib/python3.12/dist-packages/torch/lib/libtorch_cuda.so)
frame #8: <unknown function> + 0xe1ae0 (0xf6b9eb4e1ae0 in /usr/lib/aarch64-linux-gnu/libstdc++.so.6)
frame #9: <unknown function> + 0x8582c (0xf6b9ec12582c in /usr/lib/aarch64-linux-gnu/libc.so.6)
frame #10: <unknown function> + 0xeb79c (0xf6b9ec18b79c in /usr/lib/aarch64-linux-gnu/libc.so.6)

[rank2]:[W905 13:18:46.594299958 ProcessGroupNCCL.cpp:1876] [PG ID 0 PG GUID 0 Rank 2] Failed to check the "should dump" flag on TCPStore, (maybe TCPStore server has shut down too early), with error: Broken pipe
[rank2]:[W905 13:18:47.594410644 TCPStore.cpp:106] [c10d] sendBytes failed on SocketImpl(fd=46, addr=[gx10-3c79]:34692, remote=[gx10-3c6d]:29521): Broken pipe
Exception raised from sendBytes at /__w/pytorch/pytorch/torch/csrc/distributed/c10d/Utils.hpp:758 (most recent call first):
frame #0: c10::Error::Error(c10::SourceLocation, std::__cxx11::basic_string<char, std::char_traits<char>, std::allocator<char> >) + 0xc8 (0xf6b93a39e158 in /usr/local/lib/python3.12/dist-packages/torch/lib/libc10.so)
frame #1: c10::DistError::DistError(c10::SourceLocation, std::__cxx11::basic_string<char, std::char_traits<char>, std::allocator<char> >) + 0x78 (0xf6b93a39ed48 in /usr/local/lib/python3.12/dist-packages/torch/lib/libc10.so)
frame #2: c10::DistNetworkError::DistNetworkError(c10::SourceLocation, std::__cxx11::basic_string<char, std::char_traits<char>, std::allocator<char> >) + 0x78 (0xf6b93a39f0c8 in /usr/local/lib/python3.12/dist-packages/torch/lib/libc10.so)
frame #3: <unknown function> + 0x70b77ec (0xf6b957d077ec in /usr/local/lib/python3.12/dist-packages/torch/lib/libtorch_cpu.so)
frame #4: <unknown function> + 0x70b9aa4 (0xf6b957d09aa4 in /usr/local/lib/python3.12/dist-packages/torch/lib/libtorch_cpu.so)
frame #5: <unknown function> + 0x70b9c18 (0xf6b957d09c18 in /usr/local/lib/python3.12/dist-packages/torch/lib/libtorch_cpu.so)
frame #6: c10d::TCPStore::check(std::vector<std::__cxx11::basic_string<char, std::char_traits<char>, std::allocator<char> >, std::allocator<std::__cxx11::basic_string<char, std::char_traits<char>, std::allocator<char> > > > const&) + 0x23c (0xf6b957d0ab1c in /usr/local/lib/python3.12/dist-packages/torch/lib/libtorch_cpu.so)
frame #7: c10d::ProcessGroupNCCL::HeartbeatMonitor::runLoop() + 0x330 (0xf6b93b2e7350 in /usr/local/lib/python3.12/dist-packages/torch/lib/libtorch_cuda.so)
frame #8: <unknown function> + 0xe1ae0 (0xf6b9eb4e1ae0 in /usr/lib/aarch64-linux-gnu/libstdc++.so.6)
frame #9: <unknown function> + 0x8582c (0xf6b9ec12582c in /usr/lib/aarch64-linux-gnu/libc.so.6)
frame #10: <unknown function> + 0xeb79c (0xf6b9ec18b79c in /usr/lib/aarch64-linux-gnu/libc.so.6)

[rank2]:[W905 13:18:47.595834975 ProcessGroupNCCL.cpp:1876] [PG ID 0 PG GUID 0 Rank 2] Failed to check the "should dump" flag on TCPStore, (maybe TCPStore server has shut down too early), with error: Broken pipe
[rank2]:[W905 13:18:48.595954991 TCPStore.cpp:106] [c10d] sendBytes failed on SocketImpl(fd=46, addr=[gx10-3c79]:34692, remote=[gx10-3c6d]:29521): Broken pipe
Exception raised from sendBytes at /__w/pytorch/pytorch/torch/csrc/distributed/c10d/Utils.hpp:758 (most recent call first):
frame #0: c10::Error::Error(c10::SourceLocation, std::__cxx11::basic_string<char, std::char_traits<char>, std::allocator<char> >) + 0xc8 (0xf6b93a39e158 in /usr/local/lib/python3.12/dist-packages/torch/lib/libc10.so)
frame #1: c10::DistError::DistError(c10::SourceLocation, std::__cxx11::basic_string<char, std::char_traits<char>, std::allocator<char> >) + 0x78 (0xf6b93a39ed48 in /usr/local/lib/python3.12/dist-packages/torch/lib/libc10.so)
frame #2: c10::DistNetworkError::DistNetworkError(c10::SourceLocation, std::__cxx11::basic_string<char, std::char_traits<char>, std::allocator<char> >) + 0x78 (0xf6b93a39f0c8 in /usr/local/lib/python3.12/dist-packages/torch/lib/libc10.so)
frame #3: <unknown function> + 0x70b77ec (0xf6b957d077ec in /usr/local/lib/python3.12/dist-packages/torch/lib/libtorch_cpu.so)
frame #4: <unknown function> + 0x70b9aa4 (0xf6b957d09aa4 in /usr/local/lib/python3.12/dist-packages/torch/lib/libtorch_cpu.so)
frame #5: <unknown function> + 0x70b9c18 (0xf6b957d09c18 in /usr/local/lib/python3.12/dist-packages/torch/lib/libtorch_cpu.so)
frame #6: c10d::TCPStore::check(std::vector<std::__cxx11::basic_string<char, std::char_traits<char>, std::allocator<char> >, std::allocator<std::__cxx11::basic_string<char, std::char_traits<char>, std::allocator<char> > > > const&) + 0x23c (0xf6b957d0ab1c in /usr/local/lib/python3.12/dist-packages/torch/lib/libtorch_cpu.so)
frame #7: c10d::ProcessGroupNCCL::HeartbeatMonitor::runLoop() + 0x330 (0xf6b93b2e7350 in /usr/local/lib/python3.12/dist-packages/torch/lib/libtorch_cuda.so)
frame #8: <unknown function> + 0xe1ae0 (0xf6b9eb4e1ae0 in /usr/lib/aarch64-linux-gnu/libstdc++.so.6)
frame #9: <unknown function> + 0x8582c (0xf6b9ec12582c in /usr/lib/aarch64-linux-gnu/libc.so.6)
frame #10: <unknown function> + 0xeb79c (0xf6b9ec18b79c in /usr/lib/aarch64-linux-gnu/libc.so.6)

[rank2]:[W905 13:18:48.597388874 ProcessGroupNCCL.cpp:1876] [PG ID 0 PG GUID 0 Rank 2] Failed to check the "should dump" flag on TCPStore, (maybe TCPStore server has shut down too early), with error: Broken pipe
[rank2]:[W905 13:18:49.597511724 TCPStore.cpp:106] [c10d] sendBytes failed on SocketImpl(fd=46, addr=[gx10-3c79]:34692, remote=[gx10-3c6d]:29521): Broken pipe
Exception raised from sendBytes at /__w/pytorch/pytorch/torch/csrc/distributed/c10d/Utils.hpp:758 (most recent call first):
frame #0: c10::Error::Error(c10::SourceLocation, std::__cxx11::basic_string<char, std::char_traits<char>, std::allocator<char> >) + 0xc8 (0xf6b93a39e158 in /usr/local/lib/python3.12/dist-packages/torch/lib/libc10.so)
frame #1: c10::DistError::DistError(c10::SourceLocation, std::__cxx11::basic_string<char, std::char_traits<char>, std::allocator<char> >) + 0x78 (0xf6b93a39ed48 in /usr/local/lib/python3.12/dist-packages/torch/lib/libc10.so)
frame #2: c10::DistNetworkError::DistNetworkError(c10::SourceLocation, std::__cxx11::basic_string<char, std::char_traits<char>, std::allocator<char> >) + 0x78 (0xf6b93a39f0c8 in /usr/local/lib/python3.12/dist-packages/torch/lib/libc10.so)
frame #3: <unknown function> + 0x70b77ec (0xf6b957d077ec in /usr/local/lib/python3.12/dist-packages/torch/lib/libtorch_cpu.so)
frame #4: <unknown function> + 0x70b9aa4 (0xf6b957d09aa4 in /usr/local/lib/python3.12/dist-packages/torch/lib/libtorch_cpu.so)
frame #5: <unknown function> + 0x70b9c18 (0xf6b957d09c18 in /usr/local/lib/python3.12/dist-packages/torch/lib/libtorch_cpu.so)
frame #6: c10d::TCPStore::check(std::vector<std::__cxx11::basic_string<char, std::char_traits<char>, std::allocator<char> >, std::allocator<std::__cxx11::basic_string<char, std::char_traits<char>, std::allocator<char> > > > const&) + 0x23c (0xf6b957d0ab1c in /usr/local/lib/python3.12/dist-packages/torch/lib/libtorch_cpu.so)
frame #7: c10d::ProcessGroupNCCL::HeartbeatMonitor::runLoop() + 0x330 (0xf6b93b2e7350 in /usr/local/lib/python3.12/dist-packages/torch/lib/libtorch_cuda.so)
frame #8: <unknown function> + 0xe1ae0 (0xf6b9eb4e1ae0 in /usr/lib/aarch64-linux-gnu/libstdc++.so.6)
frame #9: <unknown function> + 0x8582c (0xf6b9ec12582c in /usr/lib/aarch64-linux-gnu/libc.so.6)
frame #10: <unknown function> + 0xeb79c (0xf6b9ec18b79c in /usr/lib/aarch64-linux-gnu/libc.so.6)

[rank2]:[W905 13:18:49.598926984 ProcessGroupNCCL.cpp:1876] [PG ID 0 PG GUID 0 Rank 2] Failed to check the "should dump" flag on TCPStore, (maybe TCPStore server has shut down too early), with error: Broken pipe
[rank2]:[W905 13:18:50.599038715 TCPStore.cpp:106] [c10d] sendBytes failed on SocketImpl(fd=46, addr=[gx10-3c79]:34692, remote=[gx10-3c6d]:29521): Broken pipe
Exception raised from sendBytes at /__w/pytorch/pytorch/torch/csrc/distributed/c10d/Utils.hpp:758 (most recent call first):
frame #0: c10::Error::Error(c10::SourceLocation, std::__cxx11::basic_string<char, std::char_traits<char>, std::allocator<char> >) + 0xc8 (0xf6b93a39e158 in /usr/local/lib/python3.12/dist-packages/torch/lib/libc10.so)
frame #1: c10::DistError::DistError(c10::SourceLocation, std::__cxx11::basic_string<char, std::char_traits<char>, std::allocator<char> >) + 0x78 (0xf6b93a39ed48 in /usr/local/lib/python3.12/dist-packages/torch/lib/libc10.so)
frame #2: c10::DistNetworkError::DistNetworkError(c10::SourceLocation, std::__cxx11::basic_string<char, std::char_traits<char>, std::allocator<char> >) + 0x78 (0xf6b93a39f0c8 in /usr/local/lib/python3.12/dist-packages/torch/lib/libc10.so)
frame #3: <unknown function> + 0x70b77ec (0xf6b957d077ec in /usr/local/lib/python3.12/dist-packages/torch/lib/libtorch_cpu.so)
frame #4: <unknown function> + 0x70b9aa4 (0xf6b957d09aa4 in /usr/local/lib/python3.12/dist-packages/torch/lib/libtorch_cpu.so)
frame #5: <unknown function> + 0x70b9c18 (0xf6b957d09c18 in /usr/local/lib/python3.12/dist-packages/torch/lib/libtorch_cpu.so)
frame #6: c10d::TCPStore::check(std::vector<std::__cxx11::basic_string<char, std::char_traits<char>, std::allocator<char> >, std::allocator<std::__cxx11::basic_string<char, std::char_traits<char>, std::allocator<char> > > > const&) + 0x23c (0xf6b957d0ab1c in /usr/local/lib/python3.12/dist-packages/torch/lib/libtorch_cpu.so)
frame #7: c10d::ProcessGroupNCCL::HeartbeatMonitor::runLoop() + 0x330 (0xf6b93b2e7350 in /usr/local/lib/python3.12/dist-packages/torch/lib/libtorch_cuda.so)
frame #8: <unknown function> + 0xe1ae0 (0xf6b9eb4e1ae0 in /usr/lib/aarch64-linux-gnu/libstdc++.so.6)
frame #9: <unknown function> + 0x8582c (0xf6b9ec12582c in /usr/lib/aarch64-linux-gnu/libc.so.6)
frame #10: <unknown function> + 0xeb79c (0xf6b9ec18b79c in /usr/lib/aarch64-linux-gnu/libc.so.6)

[rank2]:[W905 13:18:50.600452455 ProcessGroupNCCL.cpp:1876] [PG ID 0 PG GUID 0 Rank 2] Failed to check the "should dump" flag on TCPStore, (maybe TCPStore server has shut down too early), with error: Broken pipe
[rank2]:[W905 13:18:51.600575628 TCPStore.cpp:106] [c10d] sendBytes failed on SocketImpl(fd=46, addr=[gx10-3c79]:34692, remote=[gx10-3c6d]:29521): Broken pipe
Exception raised from sendBytes at /__w/pytorch/pytorch/torch/csrc/distributed/c10d/Utils.hpp:758 (most recent call first):
frame #0: c10::Error::Error(c10::SourceLocation, std::__cxx11::basic_string<char, std::char_traits<char>, std::allocator<char> >) + 0xc8 (0xf6b93a39e158 in /usr/local/lib/python3.12/dist-packages/torch/lib/libc10.so)
frame #1: c10::DistError::DistError(c10::SourceLocation, std::__cxx11::basic_string<char, std::char_traits<char>, std::allocator<char> >) + 0x78 (0xf6b93a39ed48 in /usr/local/lib/python3.12/dist-packages/torch/lib/libc10.so)
frame #2: c10::DistNetworkError::DistNetworkError(c10::SourceLocation, std::__cxx11::basic_string<char, std::char_traits<char>, std::allocator<char> >) + 0x78 (0xf6b93a39f0c8 in /usr/local/lib/python3.12/dist-packages/torch/lib/libc10.so)
frame #3: <unknown function> + 0x70b77ec (0xf6b957d077ec in /usr/local/lib/python3.12/dist-packages/torch/lib/libtorch_cpu.so)
frame #4: <unknown function> + 0x70b9aa4 (0xf6b957d09aa4 in /usr/local/lib/python3.12/dist-packages/torch/lib/libtorch_cpu.so)
frame #5: <unknown function> + 0x70b9c18 (0xf6b957d09c18 in /usr/local/lib/python3.12/dist-packages/torch/lib/libtorch_cpu.so)
frame #6: c10d::TCPStore::check(std::vector<std::__cxx11::basic_string<char, std::char_traits<char>, std::allocator<char> >, std::allocator<std::__cxx11::basic_string<char, std::char_traits<char>, std::allocator<char> > > > const&) + 0x23c (0xf6b957d0ab1c in /usr/local/lib/python3.12/dist-packages/torch/lib/libtorch_cpu.so)
frame #7: c10d::ProcessGroupNCCL::HeartbeatMonitor::runLoop() + 0x330 (0xf6b93b2e7350 in /usr/local/lib/python3.12/dist-packages/torch/lib/libtorch_cuda.so)
frame #8: <unknown function> + 0xe1ae0 (0xf6b9eb4e1ae0 in /usr/lib/aarch64-linux-gnu/libstdc++.so.6)
frame #9: <unknown function> + 0x8582c (0xf6b9ec12582c in /usr/lib/aarch64-linux-gnu/libc.so.6)
frame #10: <unknown function> + 0xeb79c (0xf6b9ec18b79c in /usr/lib/aarch64-linux-gnu/libc.so.6)

[rank2]:[W905 13:18:51.601991976 ProcessGroupNCCL.cpp:1876] [PG ID 0 PG GUID 0 Rank 2] Failed to check the "should dump" flag on TCPStore, (maybe TCPStore server has shut down too early), with error: Broken pipe
[rank2]:[W905 13:18:52.602105647 TCPStore.cpp:106] [c10d] sendBytes failed on SocketImpl(fd=46, addr=[gx10-3c79]:34692, remote=[gx10-3c6d]:29521): Broken pipe
Exception raised from sendBytes at /__w/pytorch/pytorch/torch/csrc/distributed/c10d/Utils.hpp:758 (most recent call first):
frame #0: c10::Error::Error(c10::SourceLocation, std::__cxx11::basic_string<char, std::char_traits<char>, std::allocator<char> >) + 0xc8 (0xf6b93a39e158 in /usr/local/lib/python3.12/dist-packages/torch/lib/libc10.so)
frame #1: c10::DistError::DistError(c10::SourceLocation, std::__cxx11::basic_string<char, std::char_traits<char>, std::allocator<char> >) + 0x78 (0xf6b93a39ed48 in /usr/local/lib/python3.12/dist-packages/torch/lib/libc10.so)
frame #2: c10::DistNetworkError::DistNetworkError(c10::SourceLocation, std::__cxx11::basic_string<char, std::char_traits<char>, std::allocator<char> >) + 0x78 (0xf6b93a39f0c8 in /usr/local/lib/python3.12/dist-packages/torch/lib/libc10.so)
frame #3: <unknown function> + 0x70b77ec (0xf6b957d077ec in /usr/local/lib/python3.12/dist-packages/torch/lib/libtorch_cpu.so)
frame #4: <unknown function> + 0x70b9aa4 (0xf6b957d09aa4 in /usr/local/lib/python3.12/dist-packages/torch/lib/libtorch_cpu.so)
frame #5: <unknown function> + 0x70b9c18 (0xf6b957d09c18 in /usr/local/lib/python3.12/dist-packages/torch/lib/libtorch_cpu.so)
frame #6: c10d::TCPStore::check(std::vector<std::__cxx11::basic_string<char, std::char_traits<char>, std::allocator<char> >, std::allocator<std::__cxx11::basic_string<char, std::char_traits<char>, std::allocator<char> > > > const&) + 0x23c (0xf6b957d0ab1c in /usr/local/lib/python3.12/dist-packages/torch/lib/libtorch_cpu.so)
frame #7: c10d::ProcessGroupNCCL::HeartbeatMonitor::runLoop() + 0x330 (0xf6b93b2e7350 in /usr/local/lib/python3.12/dist-packages/torch/lib/libtorch_cuda.so)
frame #8: <unknown function> + 0xe1ae0 (0xf6b9eb4e1ae0 in /usr/lib/aarch64-linux-gnu/libstdc++.so.6)
frame #9: <unknown function> + 0x8582c (0xf6b9ec12582c in /usr/lib/aarch64-linux-gnu/libc.so.6)
frame #10: <unknown function> + 0xeb79c (0xf6b9ec18b79c in /usr/lib/aarch64-linux-gnu/libc.so.6)

[rank2]:[W905 13:18:52.603543562 ProcessGroupNCCL.cpp:1876] [PG ID 0 PG GUID 0 Rank 2] Failed to check the "should dump" flag on TCPStore, (maybe TCPStore server has shut down too early), with error: Broken pipe
[rank2]:[W905 13:18:53.603663123 TCPStore.cpp:106] [c10d] sendBytes failed on SocketImpl(fd=46, addr=[gx10-3c79]:34692, remote=[gx10-3c6d]:29521): Broken pipe
Exception raised from sendBytes at /__w/pytorch/pytorch/torch/csrc/distributed/c10d/Utils.hpp:758 (most recent call first):
frame #0: c10::Error::Error(c10::SourceLocation, std::__cxx11::basic_string<char, std::char_traits<char>, std::allocator<char> >) + 0xc8 (0xf6b93a39e158 in /usr/local/lib/python3.12/dist-packages/torch/lib/libc10.so)
frame #1: c10::DistError::DistError(c10::SourceLocation, std::__cxx11::basic_string<char, std::char_traits<char>, std::allocator<char> >) + 0x78 (0xf6b93a39ed48 in /usr/local/lib/python3.12/dist-packages/torch/lib/libc10.so)
frame #2: c10::DistNetworkError::DistNetworkError(c10::SourceLocation, std::__cxx11::basic_string<char, std::char_traits<char>, std::allocator<char> >) + 0x78 (0xf6b93a39f0c8 in /usr/local/lib/python3.12/dist-packages/torch/lib/libc10.so)
frame #3: <unknown function> + 0x70b77ec (0xf6b957d077ec in /usr/local/lib/python3.12/dist-packages/torch/lib/libtorch_cpu.so)
frame #4: <unknown function> + 0x70b9aa4 (0xf6b957d09aa4 in /usr/local/lib/python3.12/dist-packages/torch/lib/libtorch_cpu.so)
frame #5: <unknown function> + 0x70b9c18 (0xf6b957d09c18 in /usr/local/lib/python3.12/dist-packages/torch/lib/libtorch_cpu.so)
frame #6: c10d::TCPStore::check(std::vector<std::__cxx11::basic_string<char, std::char_traits<char>, std::allocator<char> >, std::allocator<std::__cxx11::basic_string<char, std::char_traits<char>, std::allocator<char> > > > const&) + 0x23c (0xf6b957d0ab1c in /usr/local/lib/python3.12/dist-packages/torch/lib/libtorch_cpu.so)
frame #7: c10d::ProcessGroupNCCL::HeartbeatMonitor::runLoop() + 0x330 (0xf6b93b2e7350 in /usr/local/lib/python3.12/dist-packages/torch/lib/libtorch_cuda.so)
frame #8: <unknown function> + 0xe1ae0 (0xf6b9eb4e1ae0 in /usr/lib/aarch64-linux-gnu/libstdc++.so.6)
frame #9: <unknown function> + 0x8582c (0xf6b9ec12582c in /usr/lib/aarch64-linux-gnu/libc.so.6)
frame #10: <unknown function> + 0xeb79c (0xf6b9ec18b79c in /usr/lib/aarch64-linux-gnu/libc.so.6)

[rank2]:[W905 13:18:53.605072847 ProcessGroupNCCL.cpp:1876] [PG ID 0 PG GUID 0 Rank 2] Failed to check the "should dump" flag on TCPStore, (maybe TCPStore server has shut down too early), with error: Broken pipe
[rank2]:[W905 13:18:54.605199290 TCPStore.cpp:106] [c10d] sendBytes failed on SocketImpl(fd=46, addr=[gx10-3c79]:34692, remote=[gx10-3c6d]:29521): Broken pipe
Exception raised from sendBytes at /__w/pytorch/pytorch/torch/csrc/distributed/c10d/Utils.hpp:758 (most recent call first):
frame #0: c10::Error::Error(c10::SourceLocation, std::__cxx11::basic_string<char, std::char_traits<char>, std::allocator<char> >) + 0xc8 (0xf6b93a39e158 in /usr/local/lib/python3.12/dist-packages/torch/lib/libc10.so)
frame #1: c10::DistError::DistError(c10::SourceLocation, std::__cxx11::basic_string<char, std::char_traits<char>, std::allocator<char> >) + 0x78 (0xf6b93a39ed48 in /usr/local/lib/python3.12/dist-packages/torch/lib/libc10.so)
frame #2: c10::DistNetworkError::DistNetworkError(c10::SourceLocation, std::__cxx11::basic_string<char, std::char_traits<char>, std::allocator<char> >) + 0x78 (0xf6b93a39f0c8 in /usr/local/lib/python3.12/dist-packages/torch/lib/libc10.so)
frame #3: <unknown function> + 0x70b77ec (0xf6b957d077ec in /usr/local/lib/python3.12/dist-packages/torch/lib/libtorch_cpu.so)
frame #4: <unknown function> + 0x70b9aa4 (0xf6b957d09aa4 in /usr/local/lib/python3.12/dist-packages/torch/lib/libtorch_cpu.so)
frame #5: <unknown function> + 0x70b9c18 (0xf6b957d09c18 in /usr/local/lib/python3.12/dist-packages/torch/lib/libtorch_cpu.so)
frame #6: c10d::TCPStore::check(std::vector<std::__cxx11::basic_string<char, std::char_traits<char>, std::allocator<char> >, std::allocator<std::__cxx11::basic_string<char, std::char_traits<char>, std::allocator<char> > > > const&) + 0x23c (0xf6b957d0ab1c in /usr/local/lib/python3.12/dist-packages/torch/lib/libtorch_cpu.so)
frame #7: c10d::ProcessGroupNCCL::HeartbeatMonitor::runLoop() + 0x330 (0xf6b93b2e7350 in /usr/local/lib/python3.12/dist-packages/torch/lib/libtorch_cuda.so)
frame #8: <unknown function> + 0xe1ae0 (0xf6b9eb4e1ae0 in /usr/lib/aarch64-linux-gnu/libstdc++.so.6)
frame #9: <unknown function> + 0x8582c (0xf6b9ec12582c in /usr/lib/aarch64-linux-gnu/libc.so.6)
frame #10: <unknown function> + 0xeb79c (0xf6b9ec18b79c in /usr/lib/aarch64-linux-gnu/libc.so.6)

[rank2]:[W905 13:18:54.606624502 ProcessGroupNCCL.cpp:1876] [PG ID 0 PG GUID 0 Rank 2] Failed to check the "should dump" flag on TCPStore, (maybe TCPStore server has shut down too early), with error: Broken pipe
[rank2]:[W905 13:18:55.606728387 TCPStore.cpp:106] [c10d] sendBytes failed on SocketImpl(fd=46, addr=[gx10-3c79]:34692, remote=[gx10-3c6d]:29521): Broken pipe
Exception raised from sendBytes at /__w/pytorch/pytorch/torch/csrc/distributed/c10d/Utils.hpp:758 (most recent call first):
frame #0: c10::Error::Error(c10::SourceLocation, std::__cxx11::basic_string<char, std::char_traits<char>, std::allocator<char> >) + 0xc8 (0xf6b93a39e158 in /usr/local/lib/python3.12/dist-packages/torch/lib/libc10.so)
frame #1: c10::DistError::DistError(c10::SourceLocation, std::__cxx11::basic_string<char, std::char_traits<char>, std::allocator<char> >) + 0x78 (0xf6b93a39ed48 in /usr/local/lib/python3.12/dist-packages/torch/lib/libc10.so)
frame #2: c10::DistNetworkError::DistNetworkError(c10::SourceLocation, std::__cxx11::basic_string<char, std::char_traits<char>, std::allocator<char> >) + 0x78 (0xf6b93a39f0c8 in /usr/local/lib/python3.12/dist-packages/torch/lib/libc10.so)
frame #3: <unknown function> + 0x70b77ec (0xf6b957d077ec in /usr/local/lib/python3.12/dist-packages/torch/lib/libtorch_cpu.so)
frame #4: <unknown function> + 0x70b9aa4 (0xf6b957d09aa4 in /usr/local/lib/python3.12/dist-packages/torch/lib/libtorch_cpu.so)
frame #5: <unknown function> + 0x70b9c18 (0xf6b957d09c18 in /usr/local/lib/python3.12/dist-packages/torch/lib/libtorch_cpu.so)
frame #6: c10d::TCPStore::check(std::vector<std::__cxx11::basic_string<char, std::char_traits<char>, std::allocator<char> >, std::allocator<std::__cxx11::basic_string<char, std::char_traits<char>, std::allocator<char> > > > const&) + 0x23c (0xf6b957d0ab1c in /usr/local/lib/python3.12/dist-packages/torch/lib/libtorch_cpu.so)
frame #7: c10d::ProcessGroupNCCL::HeartbeatMonitor::runLoop() + 0x330 (0xf6b93b2e7350 in /usr/local/lib/python3.12/dist-packages/torch/lib/libtorch_cuda.so)
frame #8: <unknown function> + 0xe1ae0 (0xf6b9eb4e1ae0 in /usr/lib/aarch64-linux-gnu/libstdc++.so.6)
frame #9: <unknown function> + 0x8582c (0xf6b9ec12582c in /usr/lib/aarch64-linux-gnu/libc.so.6)
frame #10: <unknown function> + 0xeb79c (0xf6b9ec18b79c in /usr/lib/aarch64-linux-gnu/libc.so.6)

[rank2]:[W905 13:18:55.608155790 ProcessGroupNCCL.cpp:1876] [PG ID 0 PG GUID 0 Rank 2] Failed to check the "should dump" flag on TCPStore, (maybe TCPStore server has shut down too early), with error: Broken pipe
[rank2]:[W905 13:18:56.608275149 TCPStore.cpp:106] [c10d] sendBytes failed on SocketImpl(fd=46, addr=[gx10-3c79]:34692, remote=[gx10-3c6d]:29521): Broken pipe
Exception raised from sendBytes at /__w/pytorch/pytorch/torch/csrc/distributed/c10d/Utils.hpp:758 (most recent call first):
frame #0: c10::Error::Error(c10::SourceLocation, std::__cxx11::basic_string<char, std::char_traits<char>, std::allocator<char> >) + 0xc8 (0xf6b93a39e158 in /usr/local/lib/python3.12/dist-packages/torch/lib/libc10.so)
frame #1: c10::DistError::DistError(c10::SourceLocation, std::__cxx11::basic_string<char, std::char_traits<char>, std::allocator<char> >) + 0x78 (0xf6b93a39ed48 in /usr/local/lib/python3.12/dist-packages/torch/lib/libc10.so)
frame #2: c10::DistNetworkError::DistNetworkError(c10::SourceLocation, std::__cxx11::basic_string<char, std::char_traits<char>, std::allocator<char> >) + 0x78 (0xf6b93a39f0c8 in /usr/local/lib/python3.12/dist-packages/torch/lib/libc10.so)
frame #3: <unknown function> + 0x70b77ec (0xf6b957d077ec in /usr/local/lib/python3.12/dist-packages/torch/lib/libtorch_cpu.so)
frame #4: <unknown function> + 0x70b9aa4 (0xf6b957d09aa4 in /usr/local/lib/python3.12/dist-packages/torch/lib/libtorch_cpu.so)
frame #5: <unknown function> + 0x70b9c18 (0xf6b957d09c18 in /usr/local/lib/python3.12/dist-packages/torch/lib/libtorch_cpu.so)
frame #6: c10d::TCPStore::check(std::vector<std::__cxx11::basic_string<char, std::char_traits<char>, std::allocator<char> >, std::allocator<std::__cxx11::basic_string<char, std::char_traits<char>, std::allocator<char> > > > const&) + 0x23c (0xf6b957d0ab1c in /usr/local/lib/python3.12/dist-packages/torch/lib/libtorch_cpu.so)
frame #7: c10d::ProcessGroupNCCL::HeartbeatMonitor::runLoop() + 0x330 (0xf6b93b2e7350 in /usr/local/lib/python3.12/dist-packages/torch/lib/libtorch_cuda.so)
frame #8: <unknown function> + 0xe1ae0 (0xf6b9eb4e1ae0 in /usr/lib/aarch64-linux-gnu/libstdc++.so.6)
frame #9: <unknown function> + 0x8582c (0xf6b9ec12582c in /usr/lib/aarch64-linux-gnu/libc.so.6)
frame #10: <unknown function> + 0xeb79c (0xf6b9ec18b79c in /usr/lib/aarch64-linux-gnu/libc.so.6)

[rank2]:[W905 13:18:56.609691385 ProcessGroupNCCL.cpp:1876] [PG ID 0 PG GUID 0 Rank 2] Failed to check the "should dump" flag on TCPStore, (maybe TCPStore server has shut down too early), with error: Broken pipe
[rank2]:[W905 13:18:57.609809497 TCPStore.cpp:106] [c10d] sendBytes failed on SocketImpl(fd=46, addr=[gx10-3c79]:34692, remote=[gx10-3c6d]:29521): Broken pipe
Exception raised from sendBytes at /__w/pytorch/pytorch/torch/csrc/distributed/c10d/Utils.hpp:758 (most recent call first):
frame #0: c10::Error::Error(c10::SourceLocation, std::__cxx11::basic_string<char, std::char_traits<char>, std::allocator<char> >) + 0xc8 (0xf6b93a39e158 in /usr/local/lib/python3.12/dist-packages/torch/lib/libc10.so)
frame #1: c10::DistError::DistError(c10::SourceLocation, std::__cxx11::basic_string<char, std::char_traits<char>, std::allocator<char> >) + 0x78 (0xf6b93a39ed48 in /usr/local/lib/python3.12/dist-packages/torch/lib/libc10.so)
frame #2: c10::DistNetworkError::DistNetworkError(c10::SourceLocation, std::__cxx11::basic_string<char, std::char_traits<char>, std::allocator<char> >) + 0x78 (0xf6b93a39f0c8 in /usr/local/lib/python3.12/dist-packages/torch/lib/libc10.so)
frame #3: <unknown function> + 0x70b77ec (0xf6b957d077ec in /usr/local/lib/python3.12/dist-packages/torch/lib/libtorch_cpu.so)
frame #4: <unknown function> + 0x70b9aa4 (0xf6b957d09aa4 in /usr/local/lib/python3.12/dist-packages/torch/lib/libtorch_cpu.so)
frame #5: <unknown function> + 0x70b9c18 (0xf6b957d09c18 in /usr/local/lib/python3.12/dist-packages/torch/lib/libtorch_cpu.so)
frame #6: c10d::TCPStore::check(std::vector<std::__cxx11::basic_string<char, std::char_traits<char>, std::allocator<char> >, std::allocator<std::__cxx11::basic_string<char, std::char_traits<char>, std::allocator<char> > > > const&) + 0x23c (0xf6b957d0ab1c in /usr/local/lib/python3.12/dist-packages/torch/lib/libtorch_cpu.so)
frame #7: c10d::ProcessGroupNCCL::HeartbeatMonitor::runLoop() + 0x330 (0xf6b93b2e7350 in /usr/local/lib/python3.12/dist-packages/torch/lib/libtorch_cuda.so)
frame #8: <unknown function> + 0xe1ae0 (0xf6b9eb4e1ae0 in /usr/lib/aarch64-linux-gnu/libstdc++.so.6)
frame #9: <unknown function> + 0x8582c (0xf6b9ec12582c in /usr/lib/aarch64-linux-gnu/libc.so.6)
frame #10: <unknown function> + 0xeb79c (0xf6b9ec18b79c in /usr/lib/aarch64-linux-gnu/libc.so.6)

[rank2]:[W905 13:18:57.611214325 ProcessGroupNCCL.cpp:1876] [PG ID 0 PG GUID 0 Rank 2] Failed to check the "should dump" flag on TCPStore, (maybe TCPStore server has shut down too early), with error: Broken pipe
