[suppress-stops-in-reasoning] skipped: /usr/local/lib/python3.12/dist-packages/vllm/v1/engine/detokenizer.py
scheduler.py: # [glm53-decode-floor] already present — skipping
[patch_glm5_drafter_group] /usr/local/lib/python3.12/dist-packages/vllm/v1/core/kv_cache_utils.py: already patched (DFLASH2-DRAFTER-GROUP + padded slot-share); no-op.
kv_cache_coordinator.py: # [glm53-hybrid-apc] already present — skipping
backend_xgrammar.py: termination fix already present (#52805)
__init__.py: reasoning fix already present (#53046)
block_table.py: kpool tail slot-map already present
[glm53-exl3-tp4 rank=1] starting TP=4 node (spec=dflash, cudagraph=none, eager=0)
INFO 09-05 13:17:40 [model.py:679] Resolved architecture: Glm5NextForConditionalGeneration
INFO 09-05 13:17:40 [model.py:1973] Using max model len 1000000
INFO 09-05 13:17:43 [cache.py:282] Using fp8 data type to store kv cache. It reduces the GPU memory footprint and boosts the performance. Meanwhile, it may cause accuracy drop without a proper scaling factor
INFO 09-05 13:17:43 [arg_utils.py:2168] Inferred data_parallel_rank 0 from node_rank 1
INFO 09-05 13:17:43 [model.py:679] Resolved architecture: DFlash2DraftModel
INFO 09-05 13:17:43 [model.py:1973] Using max model len 1048576
INFO 09-05 13:17:43 [speculative.py:1256] Overriding draft model max model len from 1048576 to 1000000
INFO 09-05 13:17:43 [config.py:605] Mamba cache mode is set to 'align' for Glm5NextForConditionalGeneration by default when prefix caching is enabled
INFO 09-05 13:17:43 [vllm.py:1319] Auto-enabling VLLM_USE_BREAKABLE_CUDAGRAPH=1. Set VLLM_USE_BREAKABLE_CUDAGRAPH=0 to opt out.
INFO 09-05 13:17:43 [kernel.py:306] Final IR op priority after setting platform defaults: IrOpPriorityConfig(rms_norm=['vllm_c', 'native'], fused_add_rms_norm=['vllm_c', 'native'])
WARNING 09-05 13:17:43 [vllm.py:1849] max_num_scheduled_tokens is set to 2048 based on the speculative decoding settings. This may lead to suboptimal performance. Consider increasing max_num_batched_tokens to accommodate the additional draft token slots, or decrease num_speculative_tokens.
INFO 09-05 13:17:43 [compilation.py:329] Enabled custom fusions: norm_quant, act_quant
INFO 09-05 13:17:43 [serve.py:216] Launching vLLM (v0.1.dev20051+g487ecf187) headless multiproc executor, with head node address 10.0.0.46:29521 for torch.distributed process group.
(Worker pid=1025) INFO 09-05 13:17:50 [parallel_state.py:1638] world_size=4 rank=1 local_rank=0 distributed_init_method=tcp://10.0.0.46:29521 backend=nccl
(Worker pid=1025) WARNING 09-05 13:18:08 [symm_mem.py:67] SymmMemCommunicator: Device capability 12.1 not supported, communicator is not available.
(Worker pid=1025) INFO 09-05 13:18:13 [parallel_state.py:1982] rank 1 in world size 4 is assigned as DP rank 0, PP rank 0, PCP rank 0, TP rank 1, EP rank 1, EPLB rank N/A
(Worker pid=1025) INFO 09-05 13:18:13 [gpu_worker.py:386] Using V2 Model Runner
(Worker_TP1 pid=1025) INFO 09-05 13:18:14 [model_runner.py:353] Loading model from scratch...
(Worker_TP1 pid=1025) INFO 09-05 13:18:14 [cuda.py:595] Using backend AttentionBackendEnum.FLASH_ATTN for vit attention
(Worker_TP1 pid=1025) INFO 09-05 13:18:14 [mm_encoder_attention.py:375] Using AttentionBackendEnum.FLASH_ATTN for MMEncoderAttention.
(Worker_TP1 pid=1025) INFO 09-05 13:18:14 [kernel.py:306] Final IR op priority after setting platform defaults: IrOpPriorityConfig(rms_norm=['vllm_c', 'native'], fused_add_rms_norm=['vllm_c', 'native'])
(Worker_TP1 pid=1025) WARNING 09-05 13:18:14 [vllm.py:1849] max_num_scheduled_tokens is set to 2048 based on the speculative decoding settings. This may lead to suboptimal performance. Consider increasing max_num_batched_tokens to accommodate the additional draft token slots, or decrease num_speculative_tokens.
(Worker_TP1 pid=1025) INFO 09-05 13:18:14 [cuda.py:536] Using FLASHINFER_MLA_SPARSE_SM120 attention backend out of potential backends: ['FLASHINFER_MLA_SPARSE_SM120'].
(Worker_TP1 pid=1025) INFO 09-05 13:18:14 [mla_attention.py:475] Using fp8_ds_mla KV cache format for FLASHINFER_MLA_SPARSE_SM120 backend.
(Worker_TP1 pid=1025) WARNING 09-05 13:18:14 [mla_attention.py:551] Sparse MLA impl has no dense-MHA prefill path; using the top-k MQA path only.
(Worker_TP1 pid=1025) INFO 09-05 13:18:14 [deep_gemm.py:191] deep_gemm not found in site-packages, trying vendored vllm.third_party.deep_gemm
(Worker_TP1 pid=1025) INFO 09-05 13:18:14 [deep_gemm.py:136] DeepGEMM E8M0 enabled on current platform.
(Worker_TP1 pid=1025) INFO 09-05 13:18:16 [weight_utils.py:858] Filesystem type for checkpoints: EXT4. Checkpoint size: 163.58 GiB. Available RAM: 64.72 GiB.
(Worker_TP1 pid=1025) INFO 09-05 13:18:16 [weight_utils.py:888] Auto-prefetch is disabled because the filesystem (EXT4) is not a recognized network FS (NFS/Lustre) and the checkpoint size (163.58 GiB) exceeds 90% of available RAM (64.72 GiB).
glm53: video placeholders aligned to encoder grid_t (Glm5Next→glm46v)
glm53: disabled GB10 persistent_topk (use top_k_per_row_decode)
glm53: overlay install ok aligned=True
glm53: video placeholders aligned to encoder grid_t (Glm5Next→glm46v)
glm53: video placeholders aligned to encoder grid_t (Glm5Next→glm46v)
glm53: video placeholders aligned to encoder grid_t (Glm5Next→glm46v)
glm53: video placeholders aligned to encoder grid_t (Glm5Next→glm46v)
glm53: video placeholders aligned to encoder grid_t (Glm5Next→glm46v)
glm53: video placeholders aligned to encoder grid_t (Glm5Next→glm46v)
glm53: video placeholders aligned to encoder grid_t (Glm5Next→glm46v)
glm53: video placeholders aligned to encoder grid_t (Glm5Next→glm46v)
glm53: video placeholders aligned to encoder grid_t (Glm5Next→glm46v)
[W905 13:17:50.209562400 socket.cpp:207] [c10d] The hostname of the client socket cannot be retrieved. err=-3
[rank1]:[W905 13:18:15.221212368 TCPStore.cpp:125] [c10d] recvValue failed on SocketImpl(fd=46, addr=[::]:3268, remote=[a00::ffff]:17817): Failed to recv, got 0 bytes. Connection was likely closed. Did the remote server shutdown or crash?
Exception raised from recvBytes at /__w/pytorch/pytorch/torch/csrc/distributed/c10d/Utils.hpp:787 (most recent call first):
frame #0: c10::Error::Error(c10::SourceLocation, std::__cxx11::basic_string<char, std::char_traits<char>, std::allocator<char> >) + 0xc8 (0xf1ee9ff3e158 in /usr/local/lib/python3.12/dist-packages/torch/lib/libc10.so)
frame #1: c10::DistError::DistError(c10::SourceLocation, std::__cxx11::basic_string<char, std::char_traits<char>, std::allocator<char> >) + 0x78 (0xf1ee9ff3ed48 in /usr/local/lib/python3.12/dist-packages/torch/lib/libc10.so)
frame #2: c10::DistNetworkError::DistNetworkError(c10::SourceLocation, std::__cxx11::basic_string<char, std::char_traits<char>, std::allocator<char> >) + 0x78 (0xf1ee9ff3f0c8 in /usr/local/lib/python3.12/dist-packages/torch/lib/libc10.so)
frame #3: <unknown function> + 0x70b84d4 (0xf1eebd8a84d4 in /usr/local/lib/python3.12/dist-packages/torch/lib/libtorch_cpu.so)
frame #4: c10d::TCPStore::check(std::vector<std::__cxx11::basic_string<char, std::char_traits<char>, std::allocator<char> >, std::allocator<std::__cxx11::basic_string<char, std::char_traits<char>, std::allocator<char> > > > const&) + 0x258 (0xf1eebd8aab38 in /usr/local/lib/python3.12/dist-packages/torch/lib/libtorch_cpu.so)
frame #5: c10d::ProcessGroupNCCL::HeartbeatMonitor::runLoop() + 0x330 (0xf1eea0e87350 in /usr/local/lib/python3.12/dist-packages/torch/lib/libtorch_cuda.so)
frame #6: <unknown function> + 0xe1ae0 (0xf1ef51341ae0 in /usr/lib/aarch64-linux-gnu/libstdc++.so.6)
frame #7: <unknown function> + 0x8582c (0xf1ef51f8582c in /usr/lib/aarch64-linux-gnu/libc.so.6)
frame #8: <unknown function> + 0xeb79c (0xf1ef51feb79c in /usr/lib/aarch64-linux-gnu/libc.so.6)

[rank1]:[W905 13:18:15.222275328 ProcessGroupNCCL.cpp:1876] [PG ID 0 PG GUID 0 Rank 1] Failed to check the "should dump" flag on TCPStore, (maybe TCPStore server has shut down too early), with error: Failed to recv, got 0 bytes. Connection was likely closed. Did the remote server shutdown or crash?
[rank1]:[W905 13:18:16.222513488 TCPStore.cpp:106] [c10d] sendBytes failed on SocketImpl(fd=46, addr=[::]:3268, remote=[a00::ffff]:17817): Broken pipe
Exception raised from sendBytes at /__w/pytorch/pytorch/torch/csrc/distributed/c10d/Utils.hpp:758 (most recent call first):
frame #0: c10::Error::Error(c10::SourceLocation, std::__cxx11::basic_string<char, std::char_traits<char>, std::allocator<char> >) + 0xc8 (0xf1ee9ff3e158 in /usr/local/lib/python3.12/dist-packages/torch/lib/libc10.so)
frame #1: c10::DistError::DistError(c10::SourceLocation, std::__cxx11::basic_string<char, std::char_traits<char>, std::allocator<char> >) + 0x78 (0xf1ee9ff3ed48 in /usr/local/lib/python3.12/dist-packages/torch/lib/libc10.so)
frame #2: c10::DistNetworkError::DistNetworkError(c10::SourceLocation, std::__cxx11::basic_string<char, std::char_traits<char>, std::allocator<char> >) + 0x78 (0xf1ee9ff3f0c8 in /usr/local/lib/python3.12/dist-packages/torch/lib/libc10.so)
frame #3: <unknown function> + 0x70b77ec (0xf1eebd8a77ec in /usr/local/lib/python3.12/dist-packages/torch/lib/libtorch_cpu.so)
frame #4: <unknown function> + 0x70b9aa4 (0xf1eebd8a9aa4 in /usr/local/lib/python3.12/dist-packages/torch/lib/libtorch_cpu.so)
frame #5: <unknown function> + 0x70b9c18 (0xf1eebd8a9c18 in /usr/local/lib/python3.12/dist-packages/torch/lib/libtorch_cpu.so)
frame #6: c10d::TCPStore::check(std::vector<std::__cxx11::basic_string<char, std::char_traits<char>, std::allocator<char> >, std::allocator<std::__cxx11::basic_string<char, std::char_traits<char>, std::allocator<char> > > > const&) + 0x23c (0xf1eebd8aab1c in /usr/local/lib/python3.12/dist-packages/torch/lib/libtorch_cpu.so)
frame #7: c10d::ProcessGroupNCCL::HeartbeatMonitor::runLoop() + 0x330 (0xf1eea0e87350 in /usr/local/lib/python3.12/dist-packages/torch/lib/libtorch_cuda.so)
frame #8: <unknown function> + 0xe1ae0 (0xf1ef51341ae0 in /usr/lib/aarch64-linux-gnu/libstdc++.so.6)
frame #9: <unknown function> + 0x8582c (0xf1ef51f8582c in /usr/lib/aarch64-linux-gnu/libc.so.6)
frame #10: <unknown function> + 0xeb79c (0xf1ef51feb79c in /usr/lib/aarch64-linux-gnu/libc.so.6)

[rank1]:[W905 13:18:16.223919952 ProcessGroupNCCL.cpp:1876] [PG ID 0 PG GUID 0 Rank 1] Failed to check the "should dump" flag on TCPStore, (maybe TCPStore server has shut down too early), with error: Broken pipe
[rank1]:[W905 13:18:17.224035584 TCPStore.cpp:106] [c10d] sendBytes failed on SocketImpl(fd=46, addr=[::]:3268, remote=[a00::ffff]:17817): Broken pipe
Exception raised from sendBytes at /__w/pytorch/pytorch/torch/csrc/distributed/c10d/Utils.hpp:758 (most recent call first):
frame #0: c10::Error::Error(c10::SourceLocation, std::__cxx11::basic_string<char, std::char_traits<char>, std::allocator<char> >) + 0xc8 (0xf1ee9ff3e158 in /usr/local/lib/python3.12/dist-packages/torch/lib/libc10.so)
frame #1: c10::DistError::DistError(c10::SourceLocation, std::__cxx11::basic_string<char, std::char_traits<char>, std::allocator<char> >) + 0x78 (0xf1ee9ff3ed48 in /usr/local/lib/python3.12/dist-packages/torch/lib/libc10.so)
frame #2: c10::DistNetworkError::DistNetworkError(c10::SourceLocation, std::__cxx11::basic_string<char, std::char_traits<char>, std::allocator<char> >) + 0x78 (0xf1ee9ff3f0c8 in /usr/local/lib/python3.12/dist-packages/torch/lib/libc10.so)
frame #3: <unknown function> + 0x70b77ec (0xf1eebd8a77ec in /usr/local/lib/python3.12/dist-packages/torch/lib/libtorch_cpu.so)
frame #4: <unknown function> + 0x70b9aa4 (0xf1eebd8a9aa4 in /usr/local/lib/python3.12/dist-packages/torch/lib/libtorch_cpu.so)
frame #5: <unknown function> + 0x70b9c18 (0xf1eebd8a9c18 in /usr/local/lib/python3.12/dist-packages/torch/lib/libtorch_cpu.so)
frame #6: c10d::TCPStore::check(std::vector<std::__cxx11::basic_string<char, std::char_traits<char>, std::allocator<char> >, std::allocator<std::__cxx11::basic_string<char, std::char_traits<char>, std::allocator<char> > > > const&) + 0x23c (0xf1eebd8aab1c in /usr/local/lib/python3.12/dist-packages/torch/lib/libtorch_cpu.so)
frame #7: c10d::ProcessGroupNCCL::HeartbeatMonitor::runLoop() + 0x330 (0xf1eea0e87350 in /usr/local/lib/python3.12/dist-packages/torch/lib/libtorch_cuda.so)
frame #8: <unknown function> + 0xe1ae0 (0xf1ef51341ae0 in /usr/lib/aarch64-linux-gnu/libstdc++.so.6)
frame #9: <unknown function> + 0x8582c (0xf1ef51f8582c in /usr/lib/aarch64-linux-gnu/libc.so.6)
frame #10: <unknown function> + 0xeb79c (0xf1ef51feb79c in /usr/lib/aarch64-linux-gnu/libc.so.6)

[rank1]:[W905 13:18:17.225408176 ProcessGroupNCCL.cpp:1876] [PG ID 0 PG GUID 0 Rank 1] Failed to check the "should dump" flag on TCPStore, (maybe TCPStore server has shut down too early), with error: Broken pipe
[rank1]:[W905 13:18:18.225527392 TCPStore.cpp:106] [c10d] sendBytes failed on SocketImpl(fd=46, addr=[::]:3268, remote=[a00::ffff]:17817): Broken pipe
Exception raised from sendBytes at /__w/pytorch/pytorch/torch/csrc/distributed/c10d/Utils.hpp:758 (most recent call first):
frame #0: c10::Error::Error(c10::SourceLocation, std::__cxx11::basic_string<char, std::char_traits<char>, std::allocator<char> >) + 0xc8 (0xf1ee9ff3e158 in /usr/local/lib/python3.12/dist-packages/torch/lib/libc10.so)
frame #1: c10::DistError::DistError(c10::SourceLocation, std::__cxx11::basic_string<char, std::char_traits<char>, std::allocator<char> >) + 0x78 (0xf1ee9ff3ed48 in /usr/local/lib/python3.12/dist-packages/torch/lib/libc10.so)
frame #2: c10::DistNetworkError::DistNetworkError(c10::SourceLocation, std::__cxx11::basic_string<char, std::char_traits<char>, std::allocator<char> >) + 0x78 (0xf1ee9ff3f0c8 in /usr/local/lib/python3.12/dist-packages/torch/lib/libc10.so)
frame #3: <unknown function> + 0x70b77ec (0xf1eebd8a77ec in /usr/local/lib/python3.12/dist-packages/torch/lib/libtorch_cpu.so)
frame #4: <unknown function> + 0x70b9aa4 (0xf1eebd8a9aa4 in /usr/local/lib/python3.12/dist-packages/torch/lib/libtorch_cpu.so)
frame #5: <unknown function> + 0x70b9c18 (0xf1eebd8a9c18 in /usr/local/lib/python3.12/dist-packages/torch/lib/libtorch_cpu.so)
frame #6: c10d::TCPStore::check(std::vector<std::__cxx11::basic_string<char, std::char_traits<char>, std::allocator<char> >, std::allocator<std::__cxx11::basic_string<char, std::char_traits<char>, std::allocator<char> > > > const&) + 0x23c (0xf1eebd8aab1c in /usr/local/lib/python3.12/dist-packages/torch/lib/libtorch_cpu.so)
frame #7: c10d::ProcessGroupNCCL::HeartbeatMonitor::runLoop() + 0x330 (0xf1eea0e87350 in /usr/local/lib/python3.12/dist-packages/torch/lib/libtorch_cuda.so)
frame #8: <unknown function> + 0xe1ae0 (0xf1ef51341ae0 in /usr/lib/aarch64-linux-gnu/libstdc++.so.6)
frame #9: <unknown function> + 0x8582c (0xf1ef51f8582c in /usr/lib/aarch64-linux-gnu/libc.so.6)
frame #10: <unknown function> + 0xeb79c (0xf1ef51feb79c in /usr/lib/aarch64-linux-gnu/libc.so.6)

[rank1]:[W905 13:18:18.226897488 ProcessGroupNCCL.cpp:1876] [PG ID 0 PG GUID 0 Rank 1] Failed to check the "should dump" flag on TCPStore, (maybe TCPStore server has shut down too early), with error: Broken pipe
[rank1]:[W905 13:18:19.227015680 TCPStore.cpp:106] [c10d] sendBytes failed on SocketImpl(fd=46, addr=[::]:3268, remote=[a00::ffff]:17817): Broken pipe
Exception raised from sendBytes at /__w/pytorch/pytorch/torch/csrc/distributed/c10d/Utils.hpp:758 (most recent call first):
frame #0: c10::Error::Error(c10::SourceLocation, std::__cxx11::basic_string<char, std::char_traits<char>, std::allocator<char> >) + 0xc8 (0xf1ee9ff3e158 in /usr/local/lib/python3.12/dist-packages/torch/lib/libc10.so)
frame #1: c10::DistError::DistError(c10::SourceLocation, std::__cxx11::basic_string<char, std::char_traits<char>, std::allocator<char> >) + 0x78 (0xf1ee9ff3ed48 in /usr/local/lib/python3.12/dist-packages/torch/lib/libc10.so)
frame #2: c10::DistNetworkError::DistNetworkError(c10::SourceLocation, std::__cxx11::basic_string<char, std::char_traits<char>, std::allocator<char> >) + 0x78 (0xf1ee9ff3f0c8 in /usr/local/lib/python3.12/dist-packages/torch/lib/libc10.so)
frame #3: <unknown function> + 0x70b77ec (0xf1eebd8a77ec in /usr/local/lib/python3.12/dist-packages/torch/lib/libtorch_cpu.so)
frame #4: <unknown function> + 0x70b9aa4 (0xf1eebd8a9aa4 in /usr/local/lib/python3.12/dist-packages/torch/lib/libtorch_cpu.so)
frame #5: <unknown function> + 0x70b9c18 (0xf1eebd8a9c18 in /usr/local/lib/python3.12/dist-packages/torch/lib/libtorch_cpu.so)
frame #6: c10d::TCPStore::check(std::vector<std::__cxx11::basic_string<char, std::char_traits<char>, std::allocator<char> >, std::allocator<std::__cxx11::basic_string<char, std::char_traits<char>, std::allocator<char> > > > const&) + 0x23c (0xf1eebd8aab1c in /usr/local/lib/python3.12/dist-packages/torch/lib/libtorch_cpu.so)
frame #7: c10d::ProcessGroupNCCL::HeartbeatMonitor::runLoop() + 0x330 (0xf1eea0e87350 in /usr/local/lib/python3.12/dist-packages/torch/lib/libtorch_cuda.so)
frame #8: <unknown function> + 0xe1ae0 (0xf1ef51341ae0 in /usr/lib/aarch64-linux-gnu/libstdc++.so.6)
frame #9: <unknown function> + 0x8582c (0xf1ef51f8582c in /usr/lib/aarch64-linux-gnu/libc.so.6)
frame #10: <unknown function> + 0xeb79c (0xf1ef51feb79c in /usr/lib/aarch64-linux-gnu/libc.so.6)

[rank1]:[W905 13:18:19.228378432 ProcessGroupNCCL.cpp:1876] [PG ID 0 PG GUID 0 Rank 1] Failed to check the "should dump" flag on TCPStore, (maybe TCPStore server has shut down too early), with error: Broken pipe
[rank1]:[W905 13:18:20.228484496 TCPStore.cpp:106] [c10d] sendBytes failed on SocketImpl(fd=46, addr=[::]:3268, remote=[a00::ffff]:17817): Broken pipe
Exception raised from sendBytes at /__w/pytorch/pytorch/torch/csrc/distributed/c10d/Utils.hpp:758 (most recent call first):
frame #0: c10::Error::Error(c10::SourceLocation, std::__cxx11::basic_string<char, std::char_traits<char>, std::allocator<char> >) + 0xc8 (0xf1ee9ff3e158 in /usr/local/lib/python3.12/dist-packages/torch/lib/libc10.so)
frame #1: c10::DistError::DistError(c10::SourceLocation, std::__cxx11::basic_string<char, std::char_traits<char>, std::allocator<char> >) + 0x78 (0xf1ee9ff3ed48 in /usr/local/lib/python3.12/dist-packages/torch/lib/libc10.so)
frame #2: c10::DistNetworkError::DistNetworkError(c10::SourceLocation, std::__cxx11::basic_string<char, std::char_traits<char>, std::allocator<char> >) + 0x78 (0xf1ee9ff3f0c8 in /usr/local/lib/python3.12/dist-packages/torch/lib/libc10.so)
frame #3: <unknown function> + 0x70b77ec (0xf1eebd8a77ec in /usr/local/lib/python3.12/dist-packages/torch/lib/libtorch_cpu.so)
frame #4: <unknown function> + 0x70b9aa4 (0xf1eebd8a9aa4 in /usr/local/lib/python3.12/dist-packages/torch/lib/libtorch_cpu.so)
frame #5: <unknown function> + 0x70b9c18 (0xf1eebd8a9c18 in /usr/local/lib/python3.12/dist-packages/torch/lib/libtorch_cpu.so)
frame #6: c10d::TCPStore::check(std::vector<std::__cxx11::basic_string<char, std::char_traits<char>, std::allocator<char> >, std::allocator<std::__cxx11::basic_string<char, std::char_traits<char>, std::allocator<char> > > > const&) + 0x23c (0xf1eebd8aab1c in /usr/local/lib/python3.12/dist-packages/torch/lib/libtorch_cpu.so)
frame #7: c10d::ProcessGroupNCCL::HeartbeatMonitor::runLoop() + 0x330 (0xf1eea0e87350 in /usr/local/lib/python3.12/dist-packages/torch/lib/libtorch_cuda.so)
frame #8: <unknown function> + 0xe1ae0 (0xf1ef51341ae0 in /usr/lib/aarch64-linux-gnu/libstdc++.so.6)
frame #9: <unknown function> + 0x8582c (0xf1ef51f8582c in /usr/lib/aarch64-linux-gnu/libc.so.6)
frame #10: <unknown function> + 0xeb79c (0xf1ef51feb79c in /usr/lib/aarch64-linux-gnu/libc.so.6)

[rank1]:[W905 13:18:20.229855056 ProcessGroupNCCL.cpp:1876] [PG ID 0 PG GUID 0 Rank 1] Failed to check the "should dump" flag on TCPStore, (maybe TCPStore server has shut down too early), with error: Broken pipe
[rank1]:[W905 13:18:21.230099824 TCPStore.cpp:106] [c10d] sendBytes failed on SocketImpl(fd=46, addr=[::]:3268, remote=[a00::ffff]:17817): Broken pipe
Exception raised from sendBytes at /__w/pytorch/pytorch/torch/csrc/distributed/c10d/Utils.hpp:758 (most recent call first):
frame #0: c10::Error::Error(c10::SourceLocation, std::__cxx11::basic_string<char, std::char_traits<char>, std::allocator<char> >) + 0xc8 (0xf1ee9ff3e158 in /usr/local/lib/python3.12/dist-packages/torch/lib/libc10.so)
frame #1: c10::DistError::DistError(c10::SourceLocation, std::__cxx11::basic_string<char, std::char_traits<char>, std::allocator<char> >) + 0x78 (0xf1ee9ff3ed48 in /usr/local/lib/python3.12/dist-packages/torch/lib/libc10.so)
frame #2: c10::DistNetworkError::DistNetworkError(c10::SourceLocation, std::__cxx11::basic_string<char, std::char_traits<char>, std::allocator<char> >) + 0x78 (0xf1ee9ff3f0c8 in /usr/local/lib/python3.12/dist-packages/torch/lib/libc10.so)
frame #3: <unknown function> + 0x70b77ec (0xf1eebd8a77ec in /usr/local/lib/python3.12/dist-packages/torch/lib/libtorch_cpu.so)
frame #4: <unknown function> + 0x70b9aa4 (0xf1eebd8a9aa4 in /usr/local/lib/python3.12/dist-packages/torch/lib/libtorch_cpu.so)
frame #5: <unknown function> + 0x70b9c18 (0xf1eebd8a9c18 in /usr/local/lib/python3.12/dist-packages/torch/lib/libtorch_cpu.so)
frame #6: c10d::TCPStore::check(std::vector<std::__cxx11::basic_string<char, std::char_traits<char>, std::allocator<char> >, std::allocator<std::__cxx11::basic_string<char, std::char_traits<char>, std::allocator<char> > > > const&) + 0x23c (0xf1eebd8aab1c in /usr/local/lib/python3.12/dist-packages/torch/lib/libtorch_cpu.so)
frame #7: c10d::ProcessGroupNCCL::HeartbeatMonitor::runLoop() + 0x330 (0xf1eea0e87350 in /usr/local/lib/python3.12/dist-packages/torch/lib/libtorch_cuda.so)
frame #8: <unknown function> + 0xe1ae0 (0xf1ef51341ae0 in /usr/lib/aarch64-linux-gnu/libstdc++.so.6)
frame #9: <unknown function> + 0x8582c (0xf1ef51f8582c in /usr/lib/aarch64-linux-gnu/libc.so.6)
frame #10: <unknown function> + 0xeb79c (0xf1ef51feb79c in /usr/lib/aarch64-linux-gnu/libc.so.6)

[rank1]:[W905 13:18:21.231499616 ProcessGroupNCCL.cpp:1876] [PG ID 0 PG GUID 0 Rank 1] Failed to check the "should dump" flag on TCPStore, (maybe TCPStore server has shut down too early), with error: Broken pipe
[rank1]:[W905 13:18:22.231730752 TCPStore.cpp:106] [c10d] sendBytes failed on SocketImpl(fd=46, addr=[::]:3268, remote=[a00::ffff]:17817): Broken pipe
Exception raised from sendBytes at /__w/pytorch/pytorch/torch/csrc/distributed/c10d/Utils.hpp:758 (most recent call first):
frame #0: c10::Error::Error(c10::SourceLocation, std::__cxx11::basic_string<char, std::char_traits<char>, std::allocator<char> >) + 0xc8 (0xf1ee9ff3e158 in /usr/local/lib/python3.12/dist-packages/torch/lib/libc10.so)
frame #1: c10::DistError::DistError(c10::SourceLocation, std::__cxx11::basic_string<char, std::char_traits<char>, std::allocator<char> >) + 0x78 (0xf1ee9ff3ed48 in /usr/local/lib/python3.12/dist-packages/torch/lib/libc10.so)
frame #2: c10::DistNetworkError::DistNetworkError(c10::SourceLocation, std::__cxx11::basic_string<char, std::char_traits<char>, std::allocator<char> >) + 0x78 (0xf1ee9ff3f0c8 in /usr/local/lib/python3.12/dist-packages/torch/lib/libc10.so)
frame #3: <unknown function> + 0x70b77ec (0xf1eebd8a77ec in /usr/local/lib/python3.12/dist-packages/torch/lib/libtorch_cpu.so)
frame #4: <unknown function> + 0x70b9aa4 (0xf1eebd8a9aa4 in /usr/local/lib/python3.12/dist-packages/torch/lib/libtorch_cpu.so)
frame #5: <unknown function> + 0x70b9c18 (0xf1eebd8a9c18 in /usr/local/lib/python3.12/dist-packages/torch/lib/libtorch_cpu.so)
frame #6: c10d::TCPStore::check(std::vector<std::__cxx11::basic_string<char, std::char_traits<char>, std::allocator<char> >, std::allocator<std::__cxx11::basic_string<char, std::char_traits<char>, std::allocator<char> > > > const&) + 0x23c (0xf1eebd8aab1c in /usr/local/lib/python3.12/dist-packages/torch/lib/libtorch_cpu.so)
frame #7: c10d::ProcessGroupNCCL::HeartbeatMonitor::runLoop() + 0x330 (0xf1eea0e87350 in /usr/local/lib/python3.12/dist-packages/torch/lib/libtorch_cuda.so)
frame #8: <unknown function> + 0xe1ae0 (0xf1ef51341ae0 in /usr/lib/aarch64-linux-gnu/libstdc++.so.6)
frame #9: <unknown function> + 0x8582c (0xf1ef51f8582c in /usr/lib/aarch64-linux-gnu/libc.so.6)
frame #10: <unknown function> + 0xeb79c (0xf1ef51feb79c in /usr/lib/aarch64-linux-gnu/libc.so.6)

[rank1]:[W905 13:18:22.233114992 ProcessGroupNCCL.cpp:1876] [PG ID 0 PG GUID 0 Rank 1] Failed to check the "should dump" flag on TCPStore, (maybe TCPStore server has shut down too early), with error: Broken pipe
[rank1]:[W905 13:18:23.233234560 TCPStore.cpp:106] [c10d] sendBytes failed on SocketImpl(fd=46, addr=[::]:3268, remote=[a00::ffff]:17817): Broken pipe
Exception raised from sendBytes at /__w/pytorch/pytorch/torch/csrc/distributed/c10d/Utils.hpp:758 (most recent call first):
frame #0: c10::Error::Error(c10::SourceLocation, std::__cxx11::basic_string<char, std::char_traits<char>, std::allocator<char> >) + 0xc8 (0xf1ee9ff3e158 in /usr/local/lib/python3.12/dist-packages/torch/lib/libc10.so)
frame #1: c10::DistError::DistError(c10::SourceLocation, std::__cxx11::basic_string<char, std::char_traits<char>, std::allocator<char> >) + 0x78 (0xf1ee9ff3ed48 in /usr/local/lib/python3.12/dist-packages/torch/lib/libc10.so)
frame #2: c10::DistNetworkError::DistNetworkError(c10::SourceLocation, std::__cxx11::basic_string<char, std::char_traits<char>, std::allocator<char> >) + 0x78 (0xf1ee9ff3f0c8 in /usr/local/lib/python3.12/dist-packages/torch/lib/libc10.so)
frame #3: <unknown function> + 0x70b77ec (0xf1eebd8a77ec in /usr/local/lib/python3.12/dist-packages/torch/lib/libtorch_cpu.so)
frame #4: <unknown function> + 0x70b9aa4 (0xf1eebd8a9aa4 in /usr/local/lib/python3.12/dist-packages/torch/lib/libtorch_cpu.so)
frame #5: <unknown function> + 0x70b9c18 (0xf1eebd8a9c18 in /usr/local/lib/python3.12/dist-packages/torch/lib/libtorch_cpu.so)
frame #6: c10d::TCPStore::check(std::vector<std::__cxx11::basic_string<char, std::char_traits<char>, std::allocator<char> >, std::allocator<std::__cxx11::basic_string<char, std::char_traits<char>, std::allocator<char> > > > const&) + 0x23c (0xf1eebd8aab1c in /usr/local/lib/python3.12/dist-packages/torch/lib/libtorch_cpu.so)
frame #7: c10d::ProcessGroupNCCL::HeartbeatMonitor::runLoop() + 0x330 (0xf1eea0e87350 in /usr/local/lib/python3.12/dist-packages/torch/lib/libtorch_cuda.so)
frame #8: <unknown function> + 0xe1ae0 (0xf1ef51341ae0 in /usr/lib/aarch64-linux-gnu/libstdc++.so.6)
frame #9: <unknown function> + 0x8582c (0xf1ef51f8582c in /usr/lib/aarch64-linux-gnu/libc.so.6)
frame #10: <unknown function> + 0xeb79c (0xf1ef51feb79c in /usr/lib/aarch64-linux-gnu/libc.so.6)

[rank1]:[W905 13:18:23.234608816 ProcessGroupNCCL.cpp:1876] [PG ID 0 PG GUID 0 Rank 1] Failed to check the "should dump" flag on TCPStore, (maybe TCPStore server has shut down too early), with error: Broken pipe
[rank1]:[W905 13:18:24.234723824 TCPStore.cpp:106] [c10d] sendBytes failed on SocketImpl(fd=46, addr=[::]:3268, remote=[a00::ffff]:17817): Broken pipe
Exception raised from sendBytes at /__w/pytorch/pytorch/torch/csrc/distributed/c10d/Utils.hpp:758 (most recent call first):
frame #0: c10::Error::Error(c10::SourceLocation, std::__cxx11::basic_string<char, std::char_traits<char>, std::allocator<char> >) + 0xc8 (0xf1ee9ff3e158 in /usr/local/lib/python3.12/dist-packages/torch/lib/libc10.so)
frame #1: c10::DistError::DistError(c10::SourceLocation, std::__cxx11::basic_string<char, std::char_traits<char>, std::allocator<char> >) + 0x78 (0xf1ee9ff3ed48 in /usr/local/lib/python3.12/dist-packages/torch/lib/libc10.so)
frame #2: c10::DistNetworkError::DistNetworkError(c10::SourceLocation, std::__cxx11::basic_string<char, std::char_traits<char>, std::allocator<char> >) + 0x78 (0xf1ee9ff3f0c8 in /usr/local/lib/python3.12/dist-packages/torch/lib/libc10.so)
frame #3: <unknown function> + 0x70b77ec (0xf1eebd8a77ec in /usr/local/lib/python3.12/dist-packages/torch/lib/libtorch_cpu.so)
frame #4: <unknown function> + 0x70b9aa4 (0xf1eebd8a9aa4 in /usr/local/lib/python3.12/dist-packages/torch/lib/libtorch_cpu.so)
frame #5: <unknown function> + 0x70b9c18 (0xf1eebd8a9c18 in /usr/local/lib/python3.12/dist-packages/torch/lib/libtorch_cpu.so)
frame #6: c10d::TCPStore::check(std::vector<std::__cxx11::basic_string<char, std::char_traits<char>, std::allocator<char> >, std::allocator<std::__cxx11::basic_string<char, std::char_traits<char>, std::allocator<char> > > > const&) + 0x23c (0xf1eebd8aab1c in /usr/local/lib/python3.12/dist-packages/torch/lib/libtorch_cpu.so)
frame #7: c10d::ProcessGroupNCCL::HeartbeatMonitor::runLoop() + 0x330 (0xf1eea0e87350 in /usr/local/lib/python3.12/dist-packages/torch/lib/libtorch_cuda.so)
frame #8: <unknown function> + 0xe1ae0 (0xf1ef51341ae0 in /usr/lib/aarch64-linux-gnu/libstdc++.so.6)
frame #9: <unknown function> + 0x8582c (0xf1ef51f8582c in /usr/lib/aarch64-linux-gnu/libc.so.6)
frame #10: <unknown function> + 0xeb79c (0xf1ef51feb79c in /usr/lib/aarch64-linux-gnu/libc.so.6)

[rank1]:[W905 13:18:24.236086816 ProcessGroupNCCL.cpp:1876] [PG ID 0 PG GUID 0 Rank 1] Failed to check the "should dump" flag on TCPStore, (maybe TCPStore server has shut down too early), with error: Broken pipe
[rank1]:[W905 13:18:25.236203504 TCPStore.cpp:106] [c10d] sendBytes failed on SocketImpl(fd=46, addr=[::]:3268, remote=[a00::ffff]:17817): Broken pipe
Exception raised from sendBytes at /__w/pytorch/pytorch/torch/csrc/distributed/c10d/Utils.hpp:758 (most recent call first):
frame #0: c10::Error::Error(c10::SourceLocation, std::__cxx11::basic_string<char, std::char_traits<char>, std::allocator<char> >) + 0xc8 (0xf1ee9ff3e158 in /usr/local/lib/python3.12/dist-packages/torch/lib/libc10.so)
frame #1: c10::DistError::DistError(c10::SourceLocation, std::__cxx11::basic_string<char, std::char_traits<char>, std::allocator<char> >) + 0x78 (0xf1ee9ff3ed48 in /usr/local/lib/python3.12/dist-packages/torch/lib/libc10.so)
frame #2: c10::DistNetworkError::DistNetworkError(c10::SourceLocation, std::__cxx11::basic_string<char, std::char_traits<char>, std::allocator<char> >) + 0x78 (0xf1ee9ff3f0c8 in /usr/local/lib/python3.12/dist-packages/torch/lib/libc10.so)
frame #3: <unknown function> + 0x70b77ec (0xf1eebd8a77ec in /usr/local/lib/python3.12/dist-packages/torch/lib/libtorch_cpu.so)
frame #4: <unknown function> + 0x70b9aa4 (0xf1eebd8a9aa4 in /usr/local/lib/python3.12/dist-packages/torch/lib/libtorch_cpu.so)
frame #5: <unknown function> + 0x70b9c18 (0xf1eebd8a9c18 in /usr/local/lib/python3.12/dist-packages/torch/lib/libtorch_cpu.so)
frame #6: c10d::TCPStore::check(std::vector<std::__cxx11::basic_string<char, std::char_traits<char>, std::allocator<char> >, std::allocator<std::__cxx11::basic_string<char, std::char_traits<char>, std::allocator<char> > > > const&) + 0x23c (0xf1eebd8aab1c in /usr/local/lib/python3.12/dist-packages/torch/lib/libtorch_cpu.so)
frame #7: c10d::ProcessGroupNCCL::HeartbeatMonitor::runLoop() + 0x330 (0xf1eea0e87350 in /usr/local/lib/python3.12/dist-packages/torch/lib/libtorch_cuda.so)
frame #8: <unknown function> + 0xe1ae0 (0xf1ef51341ae0 in /usr/lib/aarch64-linux-gnu/libstdc++.so.6)
frame #9: <unknown function> + 0x8582c (0xf1ef51f8582c in /usr/lib/aarch64-linux-gnu/libc.so.6)
frame #10: <unknown function> + 0xeb79c (0xf1ef51feb79c in /usr/lib/aarch64-linux-gnu/libc.so.6)

[rank1]:[W905 13:18:25.237582336 ProcessGroupNCCL.cpp:1876] [PG ID 0 PG GUID 0 Rank 1] Failed to check the "should dump" flag on TCPStore, (maybe TCPStore server has shut down too early), with error: Broken pipe
[rank1]:[W905 13:18:26.237818928 TCPStore.cpp:106] [c10d] sendBytes failed on SocketImpl(fd=46, addr=[::]:3268, remote=[a00::ffff]:17817): Broken pipe
Exception raised from sendBytes at /__w/pytorch/pytorch/torch/csrc/distributed/c10d/Utils.hpp:758 (most recent call first):
frame #0: c10::Error::Error(c10::SourceLocation, std::__cxx11::basic_string<char, std::char_traits<char>, std::allocator<char> >) + 0xc8 (0xf1ee9ff3e158 in /usr/local/lib/python3.12/dist-packages/torch/lib/libc10.so)
frame #1: c10::DistError::DistError(c10::SourceLocation, std::__cxx11::basic_string<char, std::char_traits<char>, std::allocator<char> >) + 0x78 (0xf1ee9ff3ed48 in /usr/local/lib/python3.12/dist-packages/torch/lib/libc10.so)
frame #2: c10::DistNetworkError::DistNetworkError(c10::SourceLocation, std::__cxx11::basic_string<char, std::char_traits<char>, std::allocator<char> >) + 0x78 (0xf1ee9ff3f0c8 in /usr/local/lib/python3.12/dist-packages/torch/lib/libc10.so)
frame #3: <unknown function> + 0x70b77ec (0xf1eebd8a77ec in /usr/local/lib/python3.12/dist-packages/torch/lib/libtorch_cpu.so)
frame #4: <unknown function> + 0x70b9aa4 (0xf1eebd8a9aa4 in /usr/local/lib/python3.12/dist-packages/torch/lib/libtorch_cpu.so)
frame #5: <unknown function> + 0x70b9c18 (0xf1eebd8a9c18 in /usr/local/lib/python3.12/dist-packages/torch/lib/libtorch_cpu.so)
frame #6: c10d::TCPStore::check(std::vector<std::__cxx11::basic_string<char, std::char_traits<char>, std::allocator<char> >, std::allocator<std::__cxx11::basic_string<char, std::char_traits<char>, std::allocator<char> > > > const&) + 0x23c (0xf1eebd8aab1c in /usr/local/lib/python3.12/dist-packages/torch/lib/libtorch_cpu.so)
frame #7: c10d::ProcessGroupNCCL::HeartbeatMonitor::runLoop() + 0x330 (0xf1eea0e87350 in /usr/local/lib/python3.12/dist-packages/torch/lib/libtorch_cuda.so)
frame #8: <unknown function> + 0xe1ae0 (0xf1ef51341ae0 in /usr/lib/aarch64-linux-gnu/libstdc++.so.6)
frame #9: <unknown function> + 0x8582c (0xf1ef51f8582c in /usr/lib/aarch64-linux-gnu/libc.so.6)
frame #10: <unknown function> + 0xeb79c (0xf1ef51feb79c in /usr/lib/aarch64-linux-gnu/libc.so.6)

[rank1]:[W905 13:18:26.239202416 ProcessGroupNCCL.cpp:1876] [PG ID 0 PG GUID 0 Rank 1] Failed to check the "should dump" flag on TCPStore, (maybe TCPStore server has shut down too early), with error: Broken pipe
[rank1]:[W905 13:18:27.239322816 TCPStore.cpp:106] [c10d] sendBytes failed on SocketImpl(fd=46, addr=[::]:3268, remote=[a00::ffff]:17817): Broken pipe
Exception raised from sendBytes at /__w/pytorch/pytorch/torch/csrc/distributed/c10d/Utils.hpp:758 (most recent call first):
frame #0: c10::Error::Error(c10::SourceLocation, std::__cxx11::basic_string<char, std::char_traits<char>, std::allocator<char> >) + 0xc8 (0xf1ee9ff3e158 in /usr/local/lib/python3.12/dist-packages/torch/lib/libc10.so)
frame #1: c10::DistError::DistError(c10::SourceLocation, std::__cxx11::basic_string<char, std::char_traits<char>, std::allocator<char> >) + 0x78 (0xf1ee9ff3ed48 in /usr/local/lib/python3.12/dist-packages/torch/lib/libc10.so)
frame #2: c10::DistNetworkError::DistNetworkError(c10::SourceLocation, std::__cxx11::basic_string<char, std::char_traits<char>, std::allocator<char> >) + 0x78 (0xf1ee9ff3f0c8 in /usr/local/lib/python3.12/dist-packages/torch/lib/libc10.so)
frame #3: <unknown function> + 0x70b77ec (0xf1eebd8a77ec in /usr/local/lib/python3.12/dist-packages/torch/lib/libtorch_cpu.so)
frame #4: <unknown function> + 0x70b9aa4 (0xf1eebd8a9aa4 in /usr/local/lib/python3.12/dist-packages/torch/lib/libtorch_cpu.so)
frame #5: <unknown function> + 0x70b9c18 (0xf1eebd8a9c18 in /usr/local/lib/python3.12/dist-packages/torch/lib/libtorch_cpu.so)
frame #6: c10d::TCPStore::check(std::vector<std::__cxx11::basic_string<char, std::char_traits<char>, std::allocator<char> >, std::allocator<std::__cxx11::basic_string<char, std::char_traits<char>, std::allocator<char> > > > const&) + 0x23c (0xf1eebd8aab1c in /usr/local/lib/python3.12/dist-packages/torch/lib/libtorch_cpu.so)
frame #7: c10d::ProcessGroupNCCL::HeartbeatMonitor::runLoop() + 0x330 (0xf1eea0e87350 in /usr/local/lib/python3.12/dist-packages/torch/lib/libtorch_cuda.so)
frame #8: <unknown function> + 0xe1ae0 (0xf1ef51341ae0 in /usr/lib/aarch64-linux-gnu/libstdc++.so.6)
frame #9: <unknown function> + 0x8582c (0xf1ef51f8582c in /usr/lib/aarch64-linux-gnu/libc.so.6)
frame #10: <unknown function> + 0xeb79c (0xf1ef51feb79c in /usr/lib/aarch64-linux-gnu/libc.so.6)

[rank1]:[W905 13:18:27.240704352 ProcessGroupNCCL.cpp:1876] [PG ID 0 PG GUID 0 Rank 1] Failed to check the "should dump" flag on TCPStore, (maybe TCPStore server has shut down too early), with error: Broken pipe
[rank1]:[W905 13:18:28.240826128 TCPStore.cpp:106] [c10d] sendBytes failed on SocketImpl(fd=46, addr=[::]:3268, remote=[a00::ffff]:17817): Broken pipe
Exception raised from sendBytes at /__w/pytorch/pytorch/torch/csrc/distributed/c10d/Utils.hpp:758 (most recent call first):
frame #0: c10::Error::Error(c10::SourceLocation, std::__cxx11::basic_string<char, std::char_traits<char>, std::allocator<char> >) + 0xc8 (0xf1ee9ff3e158 in /usr/local/lib/python3.12/dist-packages/torch/lib/libc10.so)
frame #1: c10::DistError::DistError(c10::SourceLocation, std::__cxx11::basic_string<char, std::char_traits<char>, std::allocator<char> >) + 0x78 (0xf1ee9ff3ed48 in /usr/local/lib/python3.12/dist-packages/torch/lib/libc10.so)
frame #2: c10::DistNetworkError::DistNetworkError(c10::SourceLocation, std::__cxx11::basic_string<char, std::char_traits<char>, std::allocator<char> >) + 0x78 (0xf1ee9ff3f0c8 in /usr/local/lib/python3.12/dist-packages/torch/lib/libc10.so)
frame #3: <unknown function> + 0x70b77ec (0xf1eebd8a77ec in /usr/local/lib/python3.12/dist-packages/torch/lib/libtorch_cpu.so)
frame #4: <unknown function> + 0x70b9aa4 (0xf1eebd8a9aa4 in /usr/local/lib/python3.12/dist-packages/torch/lib/libtorch_cpu.so)
frame #5: <unknown function> + 0x70b9c18 (0xf1eebd8a9c18 in /usr/local/lib/python3.12/dist-packages/torch/lib/libtorch_cpu.so)
frame #6: c10d::TCPStore::check(std::vector<std::__cxx11::basic_string<char, std::char_traits<char>, std::allocator<char> >, std::allocator<std::__cxx11::basic_string<char, std::char_traits<char>, std::allocator<char> > > > const&) + 0x23c (0xf1eebd8aab1c in /usr/local/lib/python3.12/dist-packages/torch/lib/libtorch_cpu.so)
frame #7: c10d::ProcessGroupNCCL::HeartbeatMonitor::runLoop() + 0x330 (0xf1eea0e87350 in /usr/local/lib/python3.12/dist-packages/torch/lib/libtorch_cuda.so)
frame #8: <unknown function> + 0xe1ae0 (0xf1ef51341ae0 in /usr/lib/aarch64-linux-gnu/libstdc++.so.6)
frame #9: <unknown function> + 0x8582c (0xf1ef51f8582c in /usr/lib/aarch64-linux-gnu/libc.so.6)
frame #10: <unknown function> + 0xeb79c (0xf1ef51feb79c in /usr/lib/aarch64-linux-gnu/libc.so.6)

[rank1]:[W905 13:18:28.242209072 ProcessGroupNCCL.cpp:1876] [PG ID 0 PG GUID 0 Rank 1] Failed to check the "should dump" flag on TCPStore, (maybe TCPStore server has shut down too early), with error: Broken pipe
[rank1]:[W905 13:18:29.242339344 TCPStore.cpp:106] [c10d] sendBytes failed on SocketImpl(fd=46, addr=[::]:3268, remote=[a00::ffff]:17817): Broken pipe
Exception raised from sendBytes at /__w/pytorch/pytorch/torch/csrc/distributed/c10d/Utils.hpp:758 (most recent call first):
frame #0: c10::Error::Error(c10::SourceLocation, std::__cxx11::basic_string<char, std::char_traits<char>, std::allocator<char> >) + 0xc8 (0xf1ee9ff3e158 in /usr/local/lib/python3.12/dist-packages/torch/lib/libc10.so)
frame #1: c10::DistError::DistError(c10::SourceLocation, std::__cxx11::basic_string<char, std::char_traits<char>, std::allocator<char> >) + 0x78 (0xf1ee9ff3ed48 in /usr/local/lib/python3.12/dist-packages/torch/lib/libc10.so)
frame #2: c10::DistNetworkError::DistNetworkError(c10::SourceLocation, std::__cxx11::basic_string<char, std::char_traits<char>, std::allocator<char> >) + 0x78 (0xf1ee9ff3f0c8 in /usr/local/lib/python3.12/dist-packages/torch/lib/libc10.so)
frame #3: <unknown function> + 0x70b77ec (0xf1eebd8a77ec in /usr/local/lib/python3.12/dist-packages/torch/lib/libtorch_cpu.so)
frame #4: <unknown function> + 0x70b9aa4 (0xf1eebd8a9aa4 in /usr/local/lib/python3.12/dist-packages/torch/lib/libtorch_cpu.so)
frame #5: <unknown function> + 0x70b9c18 (0xf1eebd8a9c18 in /usr/local/lib/python3.12/dist-packages/torch/lib/libtorch_cpu.so)
frame #6: c10d::TCPStore::check(std::vector<std::__cxx11::basic_string<char, std::char_traits<char>, std::allocator<char> >, std::allocator<std::__cxx11::basic_string<char, std::char_traits<char>, std::allocator<char> > > > const&) + 0x23c (0xf1eebd8aab1c in /usr/local/lib/python3.12/dist-packages/torch/lib/libtorch_cpu.so)
frame #7: c10d::ProcessGroupNCCL::HeartbeatMonitor::runLoop() + 0x330 (0xf1eea0e87350 in /usr/local/lib/python3.12/dist-packages/torch/lib/libtorch_cuda.so)
frame #8: <unknown function> + 0xe1ae0 (0xf1ef51341ae0 in /usr/lib/aarch64-linux-gnu/libstdc++.so.6)
frame #9: <unknown function> + 0x8582c (0xf1ef51f8582c in /usr/lib/aarch64-linux-gnu/libc.so.6)
frame #10: <unknown function> + 0xeb79c (0xf1ef51feb79c in /usr/lib/aarch64-linux-gnu/libc.so.6)

[rank1]:[W905 13:18:29.243701504 ProcessGroupNCCL.cpp:1876] [PG ID 0 PG GUID 0 Rank 1] Failed to check the "should dump" flag on TCPStore, (maybe TCPStore server has shut down too early), with error: Broken pipe
[rank1]:[W905 13:18:30.243902480 TCPStore.cpp:106] [c10d] sendBytes failed on SocketImpl(fd=46, addr=[::]:3268, remote=[a00::ffff]:17817): Broken pipe
Exception raised from sendBytes at /__w/pytorch/pytorch/torch/csrc/distributed/c10d/Utils.hpp:758 (most recent call first):
frame #0: c10::Error::Error(c10::SourceLocation, std::__cxx11::basic_string<char, std::char_traits<char>, std::allocator<char> >) + 0xc8 (0xf1ee9ff3e158 in /usr/local/lib/python3.12/dist-packages/torch/lib/libc10.so)
frame #1: c10::DistError::DistError(c10::SourceLocation, std::__cxx11::basic_string<char, std::char_traits<char>, std::allocator<char> >) + 0x78 (0xf1ee9ff3ed48 in /usr/local/lib/python3.12/dist-packages/torch/lib/libc10.so)
frame #2: c10::DistNetworkError::DistNetworkError(c10::SourceLocation, std::__cxx11::basic_string<char, std::char_traits<char>, std::allocator<char> >) + 0x78 (0xf1ee9ff3f0c8 in /usr/local/lib/python3.12/dist-packages/torch/lib/libc10.so)
frame #3: <unknown function> + 0x70b77ec (0xf1eebd8a77ec in /usr/local/lib/python3.12/dist-packages/torch/lib/libtorch_cpu.so)
frame #4: <unknown function> + 0x70b9aa4 (0xf1eebd8a9aa4 in /usr/local/lib/python3.12/dist-packages/torch/lib/libtorch_cpu.so)
frame #5: <unknown function> + 0x70b9c18 (0xf1eebd8a9c18 in /usr/local/lib/python3.12/dist-packages/torch/lib/libtorch_cpu.so)
frame #6: c10d::TCPStore::check(std::vector<std::__cxx11::basic_string<char, std::char_traits<char>, std::allocator<char> >, std::allocator<std::__cxx11::basic_string<char, std::char_traits<char>, std::allocator<char> > > > const&) + 0x23c (0xf1eebd8aab1c in /usr/local/lib/python3.12/dist-packages/torch/lib/libtorch_cpu.so)
frame #7: c10d::ProcessGroupNCCL::HeartbeatMonitor::runLoop() + 0x330 (0xf1eea0e87350 in /usr/local/lib/python3.12/dist-packages/torch/lib/libtorch_cuda.so)
frame #8: <unknown function> + 0xe1ae0 (0xf1ef51341ae0 in /usr/lib/aarch64-linux-gnu/libstdc++.so.6)
frame #9: <unknown function> + 0x8582c (0xf1ef51f8582c in /usr/lib/aarch64-linux-gnu/libc.so.6)
frame #10: <unknown function> + 0xeb79c (0xf1ef51feb79c in /usr/lib/aarch64-linux-gnu/libc.so.6)

[rank1]:[W905 13:18:30.245300336 ProcessGroupNCCL.cpp:1876] [PG ID 0 PG GUID 0 Rank 1] Failed to check the "should dump" flag on TCPStore, (maybe TCPStore server has shut down too early), with error: Broken pipe
[rank1]:[W905 13:18:31.245419600 TCPStore.cpp:106] [c10d] sendBytes failed on SocketImpl(fd=46, addr=[::]:3268, remote=[a00::ffff]:17817): Broken pipe
Exception raised from sendBytes at /__w/pytorch/pytorch/torch/csrc/distributed/c10d/Utils.hpp:758 (most recent call first):
frame #0: c10::Error::Error(c10::SourceLocation, std::__cxx11::basic_string<char, std::char_traits<char>, std::allocator<char> >) + 0xc8 (0xf1ee9ff3e158 in /usr/local/lib/python3.12/dist-packages/torch/lib/libc10.so)
frame #1: c10::DistError::DistError(c10::SourceLocation, std::__cxx11::basic_string<char, std::char_traits<char>, std::allocator<char> >) + 0x78 (0xf1ee9ff3ed48 in /usr/local/lib/python3.12/dist-packages/torch/lib/libc10.so)
frame #2: c10::DistNetworkError::DistNetworkError(c10::SourceLocation, std::__cxx11::basic_string<char, std::char_traits<char>, std::allocator<char> >) + 0x78 (0xf1ee9ff3f0c8 in /usr/local/lib/python3.12/dist-packages/torch/lib/libc10.so)
frame #3: <unknown function> + 0x70b77ec (0xf1eebd8a77ec in /usr/local/lib/python3.12/dist-packages/torch/lib/libtorch_cpu.so)
frame #4: <unknown function> + 0x70b9aa4 (0xf1eebd8a9aa4 in /usr/local/lib/python3.12/dist-packages/torch/lib/libtorch_cpu.so)
frame #5: <unknown function> + 0x70b9c18 (0xf1eebd8a9c18 in /usr/local/lib/python3.12/dist-packages/torch/lib/libtorch_cpu.so)
frame #6: c10d::TCPStore::check(std::vector<std::__cxx11::basic_string<char, std::char_traits<char>, std::allocator<char> >, std::allocator<std::__cxx11::basic_string<char, std::char_traits<char>, std::allocator<char> > > > const&) + 0x23c (0xf1eebd8aab1c in /usr/local/lib/python3.12/dist-packages/torch/lib/libtorch_cpu.so)
frame #7: c10d::ProcessGroupNCCL::HeartbeatMonitor::runLoop() + 0x330 (0xf1eea0e87350 in /usr/local/lib/python3.12/dist-packages/torch/lib/libtorch_cuda.so)
frame #8: <unknown function> + 0xe1ae0 (0xf1ef51341ae0 in /usr/lib/aarch64-linux-gnu/libstdc++.so.6)
frame #9: <unknown function> + 0x8582c (0xf1ef51f8582c in /usr/lib/aarch64-linux-gnu/libc.so.6)
frame #10: <unknown function> + 0xeb79c (0xf1ef51feb79c in /usr/lib/aarch64-linux-gnu/libc.so.6)

[rank1]:[W905 13:18:31.246940160 ProcessGroupNCCL.cpp:1876] [PG ID 0 PG GUID 0 Rank 1] Failed to check the "should dump" flag on TCPStore, (maybe TCPStore server has shut down too early), with error: Broken pipe
[rank1]:[W905 13:18:32.247070288 TCPStore.cpp:106] [c10d] sendBytes failed on SocketImpl(fd=46, addr=[::]:3268, remote=[a00::ffff]:17817): Broken pipe
Exception raised from sendBytes at /__w/pytorch/pytorch/torch/csrc/distributed/c10d/Utils.hpp:758 (most recent call first):
frame #0: c10::Error::Error(c10::SourceLocation, std::__cxx11::basic_string<char, std::char_traits<char>, std::allocator<char> >) + 0xc8 (0xf1ee9ff3e158 in /usr/local/lib/python3.12/dist-packages/torch/lib/libc10.so)
frame #1: c10::DistError::DistError(c10::SourceLocation, std::__cxx11::basic_string<char, std::char_traits<char>, std::allocator<char> >) + 0x78 (0xf1ee9ff3ed48 in /usr/local/lib/python3.12/dist-packages/torch/lib/libc10.so)
frame #2: c10::DistNetworkError::DistNetworkError(c10::SourceLocation, std::__cxx11::basic_string<char, std::char_traits<char>, std::allocator<char> >) + 0x78 (0xf1ee9ff3f0c8 in /usr/local/lib/python3.12/dist-packages/torch/lib/libc10.so)
frame #3: <unknown function> + 0x70b77ec (0xf1eebd8a77ec in /usr/local/lib/python3.12/dist-packages/torch/lib/libtorch_cpu.so)
frame #4: <unknown function> + 0x70b9aa4 (0xf1eebd8a9aa4 in /usr/local/lib/python3.12/dist-packages/torch/lib/libtorch_cpu.so)
frame #5: <unknown function> + 0x70b9c18 (0xf1eebd8a9c18 in /usr/local/lib/python3.12/dist-packages/torch/lib/libtorch_cpu.so)
frame #6: c10d::TCPStore::check(std::vector<std::__cxx11::basic_string<char, std::char_traits<char>, std::allocator<char> >, std::allocator<std::__cxx11::basic_string<char, std::char_traits<char>, std::allocator<char> > > > const&) + 0x23c (0xf1eebd8aab1c in /usr/local/lib/python3.12/dist-packages/torch/lib/libtorch_cpu.so)
frame #7: c10d::ProcessGroupNCCL::HeartbeatMonitor::runLoop() + 0x330 (0xf1eea0e87350 in /usr/local/lib/python3.12/dist-packages/torch/lib/libtorch_cuda.so)
frame #8: <unknown function> + 0xe1ae0 (0xf1ef51341ae0 in /usr/lib/aarch64-linux-gnu/libstdc++.so.6)
frame #9: <unknown function> + 0x8582c (0xf1ef51f8582c in /usr/lib/aarch64-linux-gnu/libc.so.6)
frame #10: <unknown function> + 0xeb79c (0xf1ef51feb79c in /usr/lib/aarch64-linux-gnu/libc.so.6)

[rank1]:[W905 13:18:32.248459712 ProcessGroupNCCL.cpp:1876] [PG ID 0 PG GUID 0 Rank 1] Failed to check the "should dump" flag on TCPStore, (maybe TCPStore server has shut down too early), with error: Broken pipe
[rank1]:[W905 13:18:33.248582160 TCPStore.cpp:106] [c10d] sendBytes failed on SocketImpl(fd=46, addr=[::]:3268, remote=[a00::ffff]:17817): Broken pipe
Exception raised from sendBytes at /__w/pytorch/pytorch/torch/csrc/distributed/c10d/Utils.hpp:758 (most recent call first):
frame #0: c10::Error::Error(c10::SourceLocation, std::__cxx11::basic_string<char, std::char_traits<char>, std::allocator<char> >) + 0xc8 (0xf1ee9ff3e158 in /usr/local/lib/python3.12/dist-packages/torch/lib/libc10.so)
frame #1: c10::DistError::DistError(c10::SourceLocation, std::__cxx11::basic_string<char, std::char_traits<char>, std::allocator<char> >) + 0x78 (0xf1ee9ff3ed48 in /usr/local/lib/python3.12/dist-packages/torch/lib/libc10.so)
frame #2: c10::DistNetworkError::DistNetworkError(c10::SourceLocation, std::__cxx11::basic_string<char, std::char_traits<char>, std::allocator<char> >) + 0x78 (0xf1ee9ff3f0c8 in /usr/local/lib/python3.12/dist-packages/torch/lib/libc10.so)
frame #3: <unknown function> + 0x70b77ec (0xf1eebd8a77ec in /usr/local/lib/python3.12/dist-packages/torch/lib/libtorch_cpu.so)
frame #4: <unknown function> + 0x70b9aa4 (0xf1eebd8a9aa4 in /usr/local/lib/python3.12/dist-packages/torch/lib/libtorch_cpu.so)
frame #5: <unknown function> + 0x70b9c18 (0xf1eebd8a9c18 in /usr/local/lib/python3.12/dist-packages/torch/lib/libtorch_cpu.so)
frame #6: c10d::TCPStore::check(std::vector<std::__cxx11::basic_string<char, std::char_traits<char>, std::allocator<char> >, std::allocator<std::__cxx11::basic_string<char, std::char_traits<char>, std::allocator<char> > > > const&) + 0x23c (0xf1eebd8aab1c in /usr/local/lib/python3.12/dist-packages/torch/lib/libtorch_cpu.so)
frame #7: c10d::ProcessGroupNCCL::HeartbeatMonitor::runLoop() + 0x330 (0xf1eea0e87350 in /usr/local/lib/python3.12/dist-packages/torch/lib/libtorch_cuda.so)
frame #8: <unknown function> + 0xe1ae0 (0xf1ef51341ae0 in /usr/lib/aarch64-linux-gnu/libstdc++.so.6)
frame #9: <unknown function> + 0x8582c (0xf1ef51f8582c in /usr/lib/aarch64-linux-gnu/libc.so.6)
frame #10: <unknown function> + 0xeb79c (0xf1ef51feb79c in /usr/lib/aarch64-linux-gnu/libc.so.6)

[rank1]:[W905 13:18:33.249958624 ProcessGroupNCCL.cpp:1876] [PG ID 0 PG GUID 0 Rank 1] Failed to check the "should dump" flag on TCPStore, (maybe TCPStore server has shut down too early), with error: Broken pipe
[rank1]:[W905 13:18:34.250052272 TCPStore.cpp:106] [c10d] sendBytes failed on SocketImpl(fd=46, addr=[::]:3268, remote=[a00::ffff]:17817): Broken pipe
Exception raised from sendBytes at /__w/pytorch/pytorch/torch/csrc/distributed/c10d/Utils.hpp:758 (most recent call first):
frame #0: c10::Error::Error(c10::SourceLocation, std::__cxx11::basic_string<char, std::char_traits<char>, std::allocator<char> >) + 0xc8 (0xf1ee9ff3e158 in /usr/local/lib/python3.12/dist-packages/torch/lib/libc10.so)
frame #1: c10::DistError::DistError(c10::SourceLocation, std::__cxx11::basic_string<char, std::char_traits<char>, std::allocator<char> >) + 0x78 (0xf1ee9ff3ed48 in /usr/local/lib/python3.12/dist-packages/torch/lib/libc10.so)
frame #2: c10::DistNetworkError::DistNetworkError(c10::SourceLocation, std::__cxx11::basic_string<char, std::char_traits<char>, std::allocator<char> >) + 0x78 (0xf1ee9ff3f0c8 in /usr/local/lib/python3.12/dist-packages/torch/lib/libc10.so)
frame #3: <unknown function> + 0x70b77ec (0xf1eebd8a77ec in /usr/local/lib/python3.12/dist-packages/torch/lib/libtorch_cpu.so)
frame #4: <unknown function> + 0x70b9aa4 (0xf1eebd8a9aa4 in /usr/local/lib/python3.12/dist-packages/torch/lib/libtorch_cpu.so)
frame #5: <unknown function> + 0x70b9c18 (0xf1eebd8a9c18 in /usr/local/lib/python3.12/dist-packages/torch/lib/libtorch_cpu.so)
frame #6: c10d::TCPStore::check(std::vector<std::__cxx11::basic_string<char, std::char_traits<char>, std::allocator<char> >, std::allocator<std::__cxx11::basic_string<char, std::char_traits<char>, std::allocator<char> > > > const&) + 0x23c (0xf1eebd8aab1c in /usr/local/lib/python3.12/dist-packages/torch/lib/libtorch_cpu.so)
frame #7: c10d::ProcessGroupNCCL::HeartbeatMonitor::runLoop() + 0x330 (0xf1eea0e87350 in /usr/local/lib/python3.12/dist-packages/torch/lib/libtorch_cuda.so)
frame #8: <unknown function> + 0xe1ae0 (0xf1ef51341ae0 in /usr/lib/aarch64-linux-gnu/libstdc++.so.6)
frame #9: <unknown function> + 0x8582c (0xf1ef51f8582c in /usr/lib/aarch64-linux-gnu/libc.so.6)
frame #10: <unknown function> + 0xeb79c (0xf1ef51feb79c in /usr/lib/aarch64-linux-gnu/libc.so.6)

[rank1]:[W905 13:18:34.251427280 ProcessGroupNCCL.cpp:1876] [PG ID 0 PG GUID 0 Rank 1] Failed to check the "should dump" flag on TCPStore, (maybe TCPStore server has shut down too early), with error: Broken pipe
[rank1]:[W905 13:18:35.251552288 TCPStore.cpp:106] [c10d] sendBytes failed on SocketImpl(fd=46, addr=[::]:3268, remote=[a00::ffff]:17817): Broken pipe
Exception raised from sendBytes at /__w/pytorch/pytorch/torch/csrc/distributed/c10d/Utils.hpp:758 (most recent call first):
frame #0: c10::Error::Error(c10::SourceLocation, std::__cxx11::basic_string<char, std::char_traits<char>, std::allocator<char> >) + 0xc8 (0xf1ee9ff3e158 in /usr/local/lib/python3.12/dist-packages/torch/lib/libc10.so)
frame #1: c10::DistError::DistError(c10::SourceLocation, std::__cxx11::basic_string<char, std::char_traits<char>, std::allocator<char> >) + 0x78 (0xf1ee9ff3ed48 in /usr/local/lib/python3.12/dist-packages/torch/lib/libc10.so)
frame #2: c10::DistNetworkError::DistNetworkError(c10::SourceLocation, std::__cxx11::basic_string<char, std::char_traits<char>, std::allocator<char> >) + 0x78 (0xf1ee9ff3f0c8 in /usr/local/lib/python3.12/dist-packages/torch/lib/libc10.so)
frame #3: <unknown function> + 0x70b77ec (0xf1eebd8a77ec in /usr/local/lib/python3.12/dist-packages/torch/lib/libtorch_cpu.so)
frame #4: <unknown function> + 0x70b9aa4 (0xf1eebd8a9aa4 in /usr/local/lib/python3.12/dist-packages/torch/lib/libtorch_cpu.so)
frame #5: <unknown function> + 0x70b9c18 (0xf1eebd8a9c18 in /usr/local/lib/python3.12/dist-packages/torch/lib/libtorch_cpu.so)
frame #6: c10d::TCPStore::check(std::vector<std::__cxx11::basic_string<char, std::char_traits<char>, std::allocator<char> >, std::allocator<std::__cxx11::basic_string<char, std::char_traits<char>, std::allocator<char> > > > const&) + 0x23c (0xf1eebd8aab1c in /usr/local/lib/python3.12/dist-packages/torch/lib/libtorch_cpu.so)
frame #7: c10d::ProcessGroupNCCL::HeartbeatMonitor::runLoop() + 0x330 (0xf1eea0e87350 in /usr/local/lib/python3.12/dist-packages/torch/lib/libtorch_cuda.so)
frame #8: <unknown function> + 0xe1ae0 (0xf1ef51341ae0 in /usr/lib/aarch64-linux-gnu/libstdc++.so.6)
frame #9: <unknown function> + 0x8582c (0xf1ef51f8582c in /usr/lib/aarch64-linux-gnu/libc.so.6)
frame #10: <unknown function> + 0xeb79c (0xf1ef51feb79c in /usr/lib/aarch64-linux-gnu/libc.so.6)

[rank1]:[W905 13:18:35.253080224 ProcessGroupNCCL.cpp:1876] [PG ID 0 PG GUID 0 Rank 1] Failed to check the "should dump" flag on TCPStore, (maybe TCPStore server has shut down too early), with error: Broken pipe
[rank1]:[W905 13:18:36.253284160 TCPStore.cpp:106] [c10d] sendBytes failed on SocketImpl(fd=46, addr=[::]:3268, remote=[a00::ffff]:17817): Broken pipe
Exception raised from sendBytes at /__w/pytorch/pytorch/torch/csrc/distributed/c10d/Utils.hpp:758 (most recent call first):
frame #0: c10::Error::Error(c10::SourceLocation, std::__cxx11::basic_string<char, std::char_traits<char>, std::allocator<char> >) + 0xc8 (0xf1ee9ff3e158 in /usr/local/lib/python3.12/dist-packages/torch/lib/libc10.so)
frame #1: c10::DistError::DistError(c10::SourceLocation, std::__cxx11::basic_string<char, std::char_traits<char>, std::allocator<char> >) + 0x78 (0xf1ee9ff3ed48 in /usr/local/lib/python3.12/dist-packages/torch/lib/libc10.so)
frame #2: c10::DistNetworkError::DistNetworkError(c10::SourceLocation, std::__cxx11::basic_string<char, std::char_traits<char>, std::allocator<char> >) + 0x78 (0xf1ee9ff3f0c8 in /usr/local/lib/python3.12/dist-packages/torch/lib/libc10.so)
frame #3: <unknown function> + 0x70b77ec (0xf1eebd8a77ec in /usr/local/lib/python3.12/dist-packages/torch/lib/libtorch_cpu.so)
frame #4: <unknown function> + 0x70b9aa4 (0xf1eebd8a9aa4 in /usr/local/lib/python3.12/dist-packages/torch/lib/libtorch_cpu.so)
frame #5: <unknown function> + 0x70b9c18 (0xf1eebd8a9c18 in /usr/local/lib/python3.12/dist-packages/torch/lib/libtorch_cpu.so)
frame #6: c10d::TCPStore::check(std::vector<std::__cxx11::basic_string<char, std::char_traits<char>, std::allocator<char> >, std::allocator<std::__cxx11::basic_string<char, std::char_traits<char>, std::allocator<char> > > > const&) + 0x23c (0xf1eebd8aab1c in /usr/local/lib/python3.12/dist-packages/torch/lib/libtorch_cpu.so)
frame #7: c10d::ProcessGroupNCCL::HeartbeatMonitor::runLoop() + 0x330 (0xf1eea0e87350 in /usr/local/lib/python3.12/dist-packages/torch/lib/libtorch_cuda.so)
frame #8: <unknown function> + 0xe1ae0 (0xf1ef51341ae0 in /usr/lib/aarch64-linux-gnu/libstdc++.so.6)
frame #9: <unknown function> + 0x8582c (0xf1ef51f8582c in /usr/lib/aarch64-linux-gnu/libc.so.6)
frame #10: <unknown function> + 0xeb79c (0xf1ef51feb79c in /usr/lib/aarch64-linux-gnu/libc.so.6)

[rank1]:[W905 13:18:36.254673904 ProcessGroupNCCL.cpp:1876] [PG ID 0 PG GUID 0 Rank 1] Failed to check the "should dump" flag on TCPStore, (maybe TCPStore server has shut down too early), with error: Broken pipe
[rank1]:[W905 13:18:37.254799664 TCPStore.cpp:106] [c10d] sendBytes failed on SocketImpl(fd=46, addr=[::]:3268, remote=[a00::ffff]:17817): Broken pipe
Exception raised from sendBytes at /__w/pytorch/pytorch/torch/csrc/distributed/c10d/Utils.hpp:758 (most recent call first):
frame #0: c10::Error::Error(c10::SourceLocation, std::__cxx11::basic_string<char, std::char_traits<char>, std::allocator<char> >) + 0xc8 (0xf1ee9ff3e158 in /usr/local/lib/python3.12/dist-packages/torch/lib/libc10.so)
frame #1: c10::DistError::DistError(c10::SourceLocation, std::__cxx11::basic_string<char, std::char_traits<char>, std::allocator<char> >) + 0x78 (0xf1ee9ff3ed48 in /usr/local/lib/python3.12/dist-packages/torch/lib/libc10.so)
frame #2: c10::DistNetworkError::DistNetworkError(c10::SourceLocation, std::__cxx11::basic_string<char, std::char_traits<char>, std::allocator<char> >) + 0x78 (0xf1ee9ff3f0c8 in /usr/local/lib/python3.12/dist-packages/torch/lib/libc10.so)
frame #3: <unknown function> + 0x70b77ec (0xf1eebd8a77ec in /usr/local/lib/python3.12/dist-packages/torch/lib/libtorch_cpu.so)
frame #4: <unknown function> + 0x70b9aa4 (0xf1eebd8a9aa4 in /usr/local/lib/python3.12/dist-packages/torch/lib/libtorch_cpu.so)
frame #5: <unknown function> + 0x70b9c18 (0xf1eebd8a9c18 in /usr/local/lib/python3.12/dist-packages/torch/lib/libtorch_cpu.so)
frame #6: c10d::TCPStore::check(std::vector<std::__cxx11::basic_string<char, std::char_traits<char>, std::allocator<char> >, std::allocator<std::__cxx11::basic_string<char, std::char_traits<char>, std::allocator<char> > > > const&) + 0x23c (0xf1eebd8aab1c in /usr/local/lib/python3.12/dist-packages/torch/lib/libtorch_cpu.so)
frame #7: c10d::ProcessGroupNCCL::HeartbeatMonitor::runLoop() + 0x330 (0xf1eea0e87350 in /usr/local/lib/python3.12/dist-packages/torch/lib/libtorch_cuda.so)
frame #8: <unknown function> + 0xe1ae0 (0xf1ef51341ae0 in /usr/lib/aarch64-linux-gnu/libstdc++.so.6)
frame #9: <unknown function> + 0x8582c (0xf1ef51f8582c in /usr/lib/aarch64-linux-gnu/libc.so.6)
frame #10: <unknown function> + 0xeb79c (0xf1ef51feb79c in /usr/lib/aarch64-linux-gnu/libc.so.6)

[rank1]:[W905 13:18:37.256180320 ProcessGroupNCCL.cpp:1876] [PG ID 0 PG GUID 0 Rank 1] Failed to check the "should dump" flag on TCPStore, (maybe TCPStore server has shut down too early), with error: Broken pipe
[rank1]:[W905 13:18:38.256293600 TCPStore.cpp:106] [c10d] sendBytes failed on SocketImpl(fd=46, addr=[::]:3268, remote=[a00::ffff]:17817): Broken pipe
Exception raised from sendBytes at /__w/pytorch/pytorch/torch/csrc/distributed/c10d/Utils.hpp:758 (most recent call first):
frame #0: c10::Error::Error(c10::SourceLocation, std::__cxx11::basic_string<char, std::char_traits<char>, std::allocator<char> >) + 0xc8 (0xf1ee9ff3e158 in /usr/local/lib/python3.12/dist-packages/torch/lib/libc10.so)
frame #1: c10::DistError::DistError(c10::SourceLocation, std::__cxx11::basic_string<char, std::char_traits<char>, std::allocator<char> >) + 0x78 (0xf1ee9ff3ed48 in /usr/local/lib/python3.12/dist-packages/torch/lib/libc10.so)
frame #2: c10::DistNetworkError::DistNetworkError(c10::SourceLocation, std::__cxx11::basic_string<char, std::char_traits<char>, std::allocator<char> >) + 0x78 (0xf1ee9ff3f0c8 in /usr/local/lib/python3.12/dist-packages/torch/lib/libc10.so)
frame #3: <unknown function> + 0x70b77ec (0xf1eebd8a77ec in /usr/local/lib/python3.12/dist-packages/torch/lib/libtorch_cpu.so)
frame #4: <unknown function> + 0x70b9aa4 (0xf1eebd8a9aa4 in /usr/local/lib/python3.12/dist-packages/torch/lib/libtorch_cpu.so)
frame #5: <unknown function> + 0x70b9c18 (0xf1eebd8a9c18 in /usr/local/lib/python3.12/dist-packages/torch/lib/libtorch_cpu.so)
frame #6: c10d::TCPStore::check(std::vector<std::__cxx11::basic_string<char, std::char_traits<char>, std::allocator<char> >, std::allocator<std::__cxx11::basic_string<char, std::char_traits<char>, std::allocator<char> > > > const&) + 0x23c (0xf1eebd8aab1c in /usr/local/lib/python3.12/dist-packages/torch/lib/libtorch_cpu.so)
frame #7: c10d::ProcessGroupNCCL::HeartbeatMonitor::runLoop() + 0x330 (0xf1eea0e87350 in /usr/local/lib/python3.12/dist-packages/torch/lib/libtorch_cuda.so)
frame #8: <unknown function> + 0xe1ae0 (0xf1ef51341ae0 in /usr/lib/aarch64-linux-gnu/libstdc++.so.6)
frame #9: <unknown function> + 0x8582c (0xf1ef51f8582c in /usr/lib/aarch64-linux-gnu/libc.so.6)
frame #10: <unknown function> + 0xeb79c (0xf1ef51feb79c in /usr/lib/aarch64-linux-gnu/libc.so.6)

[rank1]:[W905 13:18:38.257671888 ProcessGroupNCCL.cpp:1876] [PG ID 0 PG GUID 0 Rank 1] Failed to check the "should dump" flag on TCPStore, (maybe TCPStore server has shut down too early), with error: Broken pipe
[rank1]:[W905 13:18:39.257838080 TCPStore.cpp:106] [c10d] sendBytes failed on SocketImpl(fd=46, addr=[::]:3268, remote=[a00::ffff]:17817): Broken pipe
Exception raised from sendBytes at /__w/pytorch/pytorch/torch/csrc/distributed/c10d/Utils.hpp:758 (most recent call first):
frame #0: c10::Error::Error(c10::SourceLocation, std::__cxx11::basic_string<char, std::char_traits<char>, std::allocator<char> >) + 0xc8 (0xf1ee9ff3e158 in /usr/local/lib/python3.12/dist-packages/torch/lib/libc10.so)
frame #1: c10::DistError::DistError(c10::SourceLocation, std::__cxx11::basic_string<char, std::char_traits<char>, std::allocator<char> >) + 0x78 (0xf1ee9ff3ed48 in /usr/local/lib/python3.12/dist-packages/torch/lib/libc10.so)
frame #2: c10::DistNetworkError::DistNetworkError(c10::SourceLocation, std::__cxx11::basic_string<char, std::char_traits<char>, std::allocator<char> >) + 0x78 (0xf1ee9ff3f0c8 in /usr/local/lib/python3.12/dist-packages/torch/lib/libc10.so)
frame #3: <unknown function> + 0x70b77ec (0xf1eebd8a77ec in /usr/local/lib/python3.12/dist-packages/torch/lib/libtorch_cpu.so)
frame #4: <unknown function> + 0x70b9aa4 (0xf1eebd8a9aa4 in /usr/local/lib/python3.12/dist-packages/torch/lib/libtorch_cpu.so)
frame #5: <unknown function> + 0x70b9c18 (0xf1eebd8a9c18 in /usr/local/lib/python3.12/dist-packages/torch/lib/libtorch_cpu.so)
frame #6: c10d::TCPStore::check(std::vector<std::__cxx11::basic_string<char, std::char_traits<char>, std::allocator<char> >, std::allocator<std::__cxx11::basic_string<char, std::char_traits<char>, std::allocator<char> > > > const&) + 0x23c (0xf1eebd8aab1c in /usr/local/lib/python3.12/dist-packages/torch/lib/libtorch_cpu.so)
frame #7: c10d::ProcessGroupNCCL::HeartbeatMonitor::runLoop() + 0x330 (0xf1eea0e87350 in /usr/local/lib/python3.12/dist-packages/torch/lib/libtorch_cuda.so)
frame #8: <unknown function> + 0xe1ae0 (0xf1ef51341ae0 in /usr/lib/aarch64-linux-gnu/libstdc++.so.6)
frame #9: <unknown function> + 0x8582c (0xf1ef51f8582c in /usr/lib/aarch64-linux-gnu/libc.so.6)
frame #10: <unknown function> + 0xeb79c (0xf1ef51feb79c in /usr/lib/aarch64-linux-gnu/libc.so.6)

[rank1]:[W905 13:18:39.259231088 ProcessGroupNCCL.cpp:1876] [PG ID 0 PG GUID 0 Rank 1] Failed to check the "should dump" flag on TCPStore, (maybe TCPStore server has shut down too early), with error: Broken pipe
[rank1]:[W905 13:18:40.259357168 TCPStore.cpp:106] [c10d] sendBytes failed on SocketImpl(fd=46, addr=[::]:3268, remote=[a00::ffff]:17817): Broken pipe
Exception raised from sendBytes at /__w/pytorch/pytorch/torch/csrc/distributed/c10d/Utils.hpp:758 (most recent call first):
frame #0: c10::Error::Error(c10::SourceLocation, std::__cxx11::basic_string<char, std::char_traits<char>, std::allocator<char> >) + 0xc8 (0xf1ee9ff3e158 in /usr/local/lib/python3.12/dist-packages/torch/lib/libc10.so)
frame #1: c10::DistError::DistError(c10::SourceLocation, std::__cxx11::basic_string<char, std::char_traits<char>, std::allocator<char> >) + 0x78 (0xf1ee9ff3ed48 in /usr/local/lib/python3.12/dist-packages/torch/lib/libc10.so)
frame #2: c10::DistNetworkError::DistNetworkError(c10::SourceLocation, std::__cxx11::basic_string<char, std::char_traits<char>, std::allocator<char> >) + 0x78 (0xf1ee9ff3f0c8 in /usr/local/lib/python3.12/dist-packages/torch/lib/libc10.so)
frame #3: <unknown function> + 0x70b77ec (0xf1eebd8a77ec in /usr/local/lib/python3.12/dist-packages/torch/lib/libtorch_cpu.so)
frame #4: <unknown function> + 0x70b9aa4 (0xf1eebd8a9aa4 in /usr/local/lib/python3.12/dist-packages/torch/lib/libtorch_cpu.so)
frame #5: <unknown function> + 0x70b9c18 (0xf1eebd8a9c18 in /usr/local/lib/python3.12/dist-packages/torch/lib/libtorch_cpu.so)
frame #6: c10d::TCPStore::check(std::vector<std::__cxx11::basic_string<char, std::char_traits<char>, std::allocator<char> >, std::allocator<std::__cxx11::basic_string<char, std::char_traits<char>, std::allocator<char> > > > const&) + 0x23c (0xf1eebd8aab1c in /usr/local/lib/python3.12/dist-packages/torch/lib/libtorch_cpu.so)
frame #7: c10d::ProcessGroupNCCL::HeartbeatMonitor::runLoop() + 0x330 (0xf1eea0e87350 in /usr/local/lib/python3.12/dist-packages/torch/lib/libtorch_cuda.so)
frame #8: <unknown function> + 0xe1ae0 (0xf1ef51341ae0 in /usr/lib/aarch64-linux-gnu/libstdc++.so.6)
frame #9: <unknown function> + 0x8582c (0xf1ef51f8582c in /usr/lib/aarch64-linux-gnu/libc.so.6)
frame #10: <unknown function> + 0xeb79c (0xf1ef51feb79c in /usr/lib/aarch64-linux-gnu/libc.so.6)

[rank1]:[W905 13:18:40.260717952 ProcessGroupNCCL.cpp:1876] [PG ID 0 PG GUID 0 Rank 1] Failed to check the "should dump" flag on TCPStore, (maybe TCPStore server has shut down too early), with error: Broken pipe
[rank1]:[W905 13:18:41.260841696 TCPStore.cpp:106] [c10d] sendBytes failed on SocketImpl(fd=46, addr=[::]:3268, remote=[a00::ffff]:17817): Broken pipe
Exception raised from sendBytes at /__w/pytorch/pytorch/torch/csrc/distributed/c10d/Utils.hpp:758 (most recent call first):
frame #0: c10::Error::Error(c10::SourceLocation, std::__cxx11::basic_string<char, std::char_traits<char>, std::allocator<char> >) + 0xc8 (0xf1ee9ff3e158 in /usr/local/lib/python3.12/dist-packages/torch/lib/libc10.so)
frame #1: c10::DistError::DistError(c10::SourceLocation, std::__cxx11::basic_string<char, std::char_traits<char>, std::allocator<char> >) + 0x78 (0xf1ee9ff3ed48 in /usr/local/lib/python3.12/dist-packages/torch/lib/libc10.so)
frame #2: c10::DistNetworkError::DistNetworkError(c10::SourceLocation, std::__cxx11::basic_string<char, std::char_traits<char>, std::allocator<char> >) + 0x78 (0xf1ee9ff3f0c8 in /usr/local/lib/python3.12/dist-packages/torch/lib/libc10.so)
frame #3: <unknown function> + 0x70b77ec (0xf1eebd8a77ec in /usr/local/lib/python3.12/dist-packages/torch/lib/libtorch_cpu.so)
frame #4: <unknown function> + 0x70b9aa4 (0xf1eebd8a9aa4 in /usr/local/lib/python3.12/dist-packages/torch/lib/libtorch_cpu.so)
frame #5: <unknown function> + 0x70b9c18 (0xf1eebd8a9c18 in /usr/local/lib/python3.12/dist-packages/torch/lib/libtorch_cpu.so)
frame #6: c10d::TCPStore::check(std::vector<std::__cxx11::basic_string<char, std::char_traits<char>, std::allocator<char> >, std::allocator<std::__cxx11::basic_string<char, std::char_traits<char>, std::allocator<char> > > > const&) + 0x23c (0xf1eebd8aab1c in /usr/local/lib/python3.12/dist-packages/torch/lib/libtorch_cpu.so)
frame #7: c10d::ProcessGroupNCCL::HeartbeatMonitor::runLoop() + 0x330 (0xf1eea0e87350 in /usr/local/lib/python3.12/dist-packages/torch/lib/libtorch_cuda.so)
frame #8: <unknown function> + 0xe1ae0 (0xf1ef51341ae0 in /usr/lib/aarch64-linux-gnu/libstdc++.so.6)
frame #9: <unknown function> + 0x8582c (0xf1ef51f8582c in /usr/lib/aarch64-linux-gnu/libc.so.6)
frame #10: <unknown function> + 0xeb79c (0xf1ef51feb79c in /usr/lib/aarch64-linux-gnu/libc.so.6)

[rank1]:[W905 13:18:41.262221488 ProcessGroupNCCL.cpp:1876] [PG ID 0 PG GUID 0 Rank 1] Failed to check the "should dump" flag on TCPStore, (maybe TCPStore server has shut down too early), with error: Broken pipe
[rank1]:[W905 13:18:42.262324112 TCPStore.cpp:106] [c10d] sendBytes failed on SocketImpl(fd=46, addr=[::]:3268, remote=[a00::ffff]:17817): Broken pipe
Exception raised from sendBytes at /__w/pytorch/pytorch/torch/csrc/distributed/c10d/Utils.hpp:758 (most recent call first):
frame #0: c10::Error::Error(c10::SourceLocation, std::__cxx11::basic_string<char, std::char_traits<char>, std::allocator<char> >) + 0xc8 (0xf1ee9ff3e158 in /usr/local/lib/python3.12/dist-packages/torch/lib/libc10.so)
frame #1: c10::DistError::DistError(c10::SourceLocation, std::__cxx11::basic_string<char, std::char_traits<char>, std::allocator<char> >) + 0x78 (0xf1ee9ff3ed48 in /usr/local/lib/python3.12/dist-packages/torch/lib/libc10.so)
frame #2: c10::DistNetworkError::DistNetworkError(c10::SourceLocation, std::__cxx11::basic_string<char, std::char_traits<char>, std::allocator<char> >) + 0x78 (0xf1ee9ff3f0c8 in /usr/local/lib/python3.12/dist-packages/torch/lib/libc10.so)
frame #3: <unknown function> + 0x70b77ec (0xf1eebd8a77ec in /usr/local/lib/python3.12/dist-packages/torch/lib/libtorch_cpu.so)
frame #4: <unknown function> + 0x70b9aa4 (0xf1eebd8a9aa4 in /usr/local/lib/python3.12/dist-packages/torch/lib/libtorch_cpu.so)
frame #5: <unknown function> + 0x70b9c18 (0xf1eebd8a9c18 in /usr/local/lib/python3.12/dist-packages/torch/lib/libtorch_cpu.so)
frame #6: c10d::TCPStore::check(std::vector<std::__cxx11::basic_string<char, std::char_traits<char>, std::allocator<char> >, std::allocator<std::__cxx11::basic_string<char, std::char_traits<char>, std::allocator<char> > > > const&) + 0x23c (0xf1eebd8aab1c in /usr/local/lib/python3.12/dist-packages/torch/lib/libtorch_cpu.so)
frame #7: c10d::ProcessGroupNCCL::HeartbeatMonitor::runLoop() + 0x330 (0xf1eea0e87350 in /usr/local/lib/python3.12/dist-packages/torch/lib/libtorch_cuda.so)
frame #8: <unknown function> + 0xe1ae0 (0xf1ef51341ae0 in /usr/lib/aarch64-linux-gnu/libstdc++.so.6)
frame #9: <unknown function> + 0x8582c (0xf1ef51f8582c in /usr/lib/aarch64-linux-gnu/libc.so.6)
frame #10: <unknown function> + 0xeb79c (0xf1ef51feb79c in /usr/lib/aarch64-linux-gnu/libc.so.6)

[rank1]:[W905 13:18:42.263707616 ProcessGroupNCCL.cpp:1876] [PG ID 0 PG GUID 0 Rank 1] Failed to check the "should dump" flag on TCPStore, (maybe TCPStore server has shut down too early), with error: Broken pipe
[rank1]:[W905 13:18:43.263825808 TCPStore.cpp:106] [c10d] sendBytes failed on SocketImpl(fd=46, addr=[::]:3268, remote=[a00::ffff]:17817): Broken pipe
Exception raised from sendBytes at /__w/pytorch/pytorch/torch/csrc/distributed/c10d/Utils.hpp:758 (most recent call first):
frame #0: c10::Error::Error(c10::SourceLocation, std::__cxx11::basic_string<char, std::char_traits<char>, std::allocator<char> >) + 0xc8 (0xf1ee9ff3e158 in /usr/local/lib/python3.12/dist-packages/torch/lib/libc10.so)
frame #1: c10::DistError::DistError(c10::SourceLocation, std::__cxx11::basic_string<char, std::char_traits<char>, std::allocator<char> >) + 0x78 (0xf1ee9ff3ed48 in /usr/local/lib/python3.12/dist-packages/torch/lib/libc10.so)
frame #2: c10::DistNetworkError::DistNetworkError(c10::SourceLocation, std::__cxx11::basic_string<char, std::char_traits<char>, std::allocator<char> >) + 0x78 (0xf1ee9ff3f0c8 in /usr/local/lib/python3.12/dist-packages/torch/lib/libc10.so)
frame #3: <unknown function> + 0x70b77ec (0xf1eebd8a77ec in /usr/local/lib/python3.12/dist-packages/torch/lib/libtorch_cpu.so)
frame #4: <unknown function> + 0x70b9aa4 (0xf1eebd8a9aa4 in /usr/local/lib/python3.12/dist-packages/torch/lib/libtorch_cpu.so)
frame #5: <unknown function> + 0x70b9c18 (0xf1eebd8a9c18 in /usr/local/lib/python3.12/dist-packages/torch/lib/libtorch_cpu.so)
frame #6: c10d::TCPStore::check(std::vector<std::__cxx11::basic_string<char, std::char_traits<char>, std::allocator<char> >, std::allocator<std::__cxx11::basic_string<char, std::char_traits<char>, std::allocator<char> > > > const&) + 0x23c (0xf1eebd8aab1c in /usr/local/lib/python3.12/dist-packages/torch/lib/libtorch_cpu.so)
frame #7: c10d::ProcessGroupNCCL::HeartbeatMonitor::runLoop() + 0x330 (0xf1eea0e87350 in /usr/local/lib/python3.12/dist-packages/torch/lib/libtorch_cuda.so)
frame #8: <unknown function> + 0xe1ae0 (0xf1ef51341ae0 in /usr/lib/aarch64-linux-gnu/libstdc++.so.6)
frame #9: <unknown function> + 0x8582c (0xf1ef51f8582c in /usr/lib/aarch64-linux-gnu/libc.so.6)
frame #10: <unknown function> + 0xeb79c (0xf1ef51feb79c in /usr/lib/aarch64-linux-gnu/libc.so.6)

[rank1]:[W905 13:18:43.265215888 ProcessGroupNCCL.cpp:1876] [PG ID 0 PG GUID 0 Rank 1] Failed to check the "should dump" flag on TCPStore, (maybe TCPStore server has shut down too early), with error: Broken pipe
[rank1]:[W905 13:18:44.265329248 TCPStore.cpp:106] [c10d] sendBytes failed on SocketImpl(fd=46, addr=[::]:3268, remote=[a00::ffff]:17817): Broken pipe
Exception raised from sendBytes at /__w/pytorch/pytorch/torch/csrc/distributed/c10d/Utils.hpp:758 (most recent call first):
frame #0: c10::Error::Error(c10::SourceLocation, std::__cxx11::basic_string<char, std::char_traits<char>, std::allocator<char> >) + 0xc8 (0xf1ee9ff3e158 in /usr/local/lib/python3.12/dist-packages/torch/lib/libc10.so)
frame #1: c10::DistError::DistError(c10::SourceLocation, std::__cxx11::basic_string<char, std::char_traits<char>, std::allocator<char> >) + 0x78 (0xf1ee9ff3ed48 in /usr/local/lib/python3.12/dist-packages/torch/lib/libc10.so)
frame #2: c10::DistNetworkError::DistNetworkError(c10::SourceLocation, std::__cxx11::basic_string<char, std::char_traits<char>, std::allocator<char> >) + 0x78 (0xf1ee9ff3f0c8 in /usr/local/lib/python3.12/dist-packages/torch/lib/libc10.so)
frame #3: <unknown function> + 0x70b77ec (0xf1eebd8a77ec in /usr/local/lib/python3.12/dist-packages/torch/lib/libtorch_cpu.so)
frame #4: <unknown function> + 0x70b9aa4 (0xf1eebd8a9aa4 in /usr/local/lib/python3.12/dist-packages/torch/lib/libtorch_cpu.so)
frame #5: <unknown function> + 0x70b9c18 (0xf1eebd8a9c18 in /usr/local/lib/python3.12/dist-packages/torch/lib/libtorch_cpu.so)
frame #6: c10d::TCPStore::check(std::vector<std::__cxx11::basic_string<char, std::char_traits<char>, std::allocator<char> >, std::allocator<std::__cxx11::basic_string<char, std::char_traits<char>, std::allocator<char> > > > const&) + 0x23c (0xf1eebd8aab1c in /usr/local/lib/python3.12/dist-packages/torch/lib/libtorch_cpu.so)
frame #7: c10d::ProcessGroupNCCL::HeartbeatMonitor::runLoop() + 0x330 (0xf1eea0e87350 in /usr/local/lib/python3.12/dist-packages/torch/lib/libtorch_cuda.so)
frame #8: <unknown function> + 0xe1ae0 (0xf1ef51341ae0 in /usr/lib/aarch64-linux-gnu/libstdc++.so.6)
frame #9: <unknown function> + 0x8582c (0xf1ef51f8582c in /usr/lib/aarch64-linux-gnu/libc.so.6)
frame #10: <unknown function> + 0xeb79c (0xf1ef51feb79c in /usr/lib/aarch64-linux-gnu/libc.so.6)

[rank1]:[W905 13:18:44.266698400 ProcessGroupNCCL.cpp:1876] [PG ID 0 PG GUID 0 Rank 1] Failed to check the "should dump" flag on TCPStore, (maybe TCPStore server has shut down too early), with error: Broken pipe
[rank1]:[W905 13:18:45.266816192 TCPStore.cpp:106] [c10d] sendBytes failed on SocketImpl(fd=46, addr=[::]:3268, remote=[a00::ffff]:17817): Broken pipe
Exception raised from sendBytes at /__w/pytorch/pytorch/torch/csrc/distributed/c10d/Utils.hpp:758 (most recent call first):
frame #0: c10::Error::Error(c10::SourceLocation, std::__cxx11::basic_string<char, std::char_traits<char>, std::allocator<char> >) + 0xc8 (0xf1ee9ff3e158 in /usr/local/lib/python3.12/dist-packages/torch/lib/libc10.so)
frame #1: c10::DistError::DistError(c10::SourceLocation, std::__cxx11::basic_string<char, std::char_traits<char>, std::allocator<char> >) + 0x78 (0xf1ee9ff3ed48 in /usr/local/lib/python3.12/dist-packages/torch/lib/libc10.so)
frame #2: c10::DistNetworkError::DistNetworkError(c10::SourceLocation, std::__cxx11::basic_string<char, std::char_traits<char>, std::allocator<char> >) + 0x78 (0xf1ee9ff3f0c8 in /usr/local/lib/python3.12/dist-packages/torch/lib/libc10.so)
frame #3: <unknown function> + 0x70b77ec (0xf1eebd8a77ec in /usr/local/lib/python3.12/dist-packages/torch/lib/libtorch_cpu.so)
frame #4: <unknown function> + 0x70b9aa4 (0xf1eebd8a9aa4 in /usr/local/lib/python3.12/dist-packages/torch/lib/libtorch_cpu.so)
frame #5: <unknown function> + 0x70b9c18 (0xf1eebd8a9c18 in /usr/local/lib/python3.12/dist-packages/torch/lib/libtorch_cpu.so)
frame #6: c10d::TCPStore::check(std::vector<std::__cxx11::basic_string<char, std::char_traits<char>, std::allocator<char> >, std::allocator<std::__cxx11::basic_string<char, std::char_traits<char>, std::allocator<char> > > > const&) + 0x23c (0xf1eebd8aab1c in /usr/local/lib/python3.12/dist-packages/torch/lib/libtorch_cpu.so)
frame #7: c10d::ProcessGroupNCCL::HeartbeatMonitor::runLoop() + 0x330 (0xf1eea0e87350 in /usr/local/lib/python3.12/dist-packages/torch/lib/libtorch_cuda.so)
frame #8: <unknown function> + 0xe1ae0 (0xf1ef51341ae0 in /usr/lib/aarch64-linux-gnu/libstdc++.so.6)
frame #9: <unknown function> + 0x8582c (0xf1ef51f8582c in /usr/lib/aarch64-linux-gnu/libc.so.6)
frame #10: <unknown function> + 0xeb79c (0xf1ef51feb79c in /usr/lib/aarch64-linux-gnu/libc.so.6)

[rank1]:[W905 13:18:45.268192128 ProcessGroupNCCL.cpp:1876] [PG ID 0 PG GUID 0 Rank 1] Failed to check the "should dump" flag on TCPStore, (maybe TCPStore server has shut down too early), with error: Broken pipe
[rank1]:[W905 13:18:46.268306480 TCPStore.cpp:106] [c10d] sendBytes failed on SocketImpl(fd=46, addr=[::]:3268, remote=[a00::ffff]:17817): Broken pipe
Exception raised from sendBytes at /__w/pytorch/pytorch/torch/csrc/distributed/c10d/Utils.hpp:758 (most recent call first):
frame #0: c10::Error::Error(c10::SourceLocation, std::__cxx11::basic_string<char, std::char_traits<char>, std::allocator<char> >) + 0xc8 (0xf1ee9ff3e158 in /usr/local/lib/python3.12/dist-packages/torch/lib/libc10.so)
frame #1: c10::DistError::DistError(c10::SourceLocation, std::__cxx11::basic_string<char, std::char_traits<char>, std::allocator<char> >) + 0x78 (0xf1ee9ff3ed48 in /usr/local/lib/python3.12/dist-packages/torch/lib/libc10.so)
frame #2: c10::DistNetworkError::DistNetworkError(c10::SourceLocation, std::__cxx11::basic_string<char, std::char_traits<char>, std::allocator<char> >) + 0x78 (0xf1ee9ff3f0c8 in /usr/local/lib/python3.12/dist-packages/torch/lib/libc10.so)
frame #3: <unknown function> + 0x70b77ec (0xf1eebd8a77ec in /usr/local/lib/python3.12/dist-packages/torch/lib/libtorch_cpu.so)
frame #4: <unknown function> + 0x70b9aa4 (0xf1eebd8a9aa4 in /usr/local/lib/python3.12/dist-packages/torch/lib/libtorch_cpu.so)
frame #5: <unknown function> + 0x70b9c18 (0xf1eebd8a9c18 in /usr/local/lib/python3.12/dist-packages/torch/lib/libtorch_cpu.so)
frame #6: c10d::TCPStore::check(std::vector<std::__cxx11::basic_string<char, std::char_traits<char>, std::allocator<char> >, std::allocator<std::__cxx11::basic_string<char, std::char_traits<char>, std::allocator<char> > > > const&) + 0x23c (0xf1eebd8aab1c in /usr/local/lib/python3.12/dist-packages/torch/lib/libtorch_cpu.so)
frame #7: c10d::ProcessGroupNCCL::HeartbeatMonitor::runLoop() + 0x330 (0xf1eea0e87350 in /usr/local/lib/python3.12/dist-packages/torch/lib/libtorch_cuda.so)
frame #8: <unknown function> + 0xe1ae0 (0xf1ef51341ae0 in /usr/lib/aarch64-linux-gnu/libstdc++.so.6)
frame #9: <unknown function> + 0x8582c (0xf1ef51f8582c in /usr/lib/aarch64-linux-gnu/libc.so.6)
frame #10: <unknown function> + 0xeb79c (0xf1ef51feb79c in /usr/lib/aarch64-linux-gnu/libc.so.6)

[rank1]:[W905 13:18:46.269684688 ProcessGroupNCCL.cpp:1876] [PG ID 0 PG GUID 0 Rank 1] Failed to check the "should dump" flag on TCPStore, (maybe TCPStore server has shut down too early), with error: Broken pipe
[rank1]:[W905 13:18:47.269794816 TCPStore.cpp:106] [c10d] sendBytes failed on SocketImpl(fd=46, addr=[::]:3268, remote=[a00::ffff]:17817): Broken pipe
Exception raised from sendBytes at /__w/pytorch/pytorch/torch/csrc/distributed/c10d/Utils.hpp:758 (most recent call first):
frame #0: c10::Error::Error(c10::SourceLocation, std::__cxx11::basic_string<char, std::char_traits<char>, std::allocator<char> >) + 0xc8 (0xf1ee9ff3e158 in /usr/local/lib/python3.12/dist-packages/torch/lib/libc10.so)
frame #1: c10::DistError::DistError(c10::SourceLocation, std::__cxx11::basic_string<char, std::char_traits<char>, std::allocator<char> >) + 0x78 (0xf1ee9ff3ed48 in /usr/local/lib/python3.12/dist-packages/torch/lib/libc10.so)
frame #2: c10::DistNetworkError::DistNetworkError(c10::SourceLocation, std::__cxx11::basic_string<char, std::char_traits<char>, std::allocator<char> >) + 0x78 (0xf1ee9ff3f0c8 in /usr/local/lib/python3.12/dist-packages/torch/lib/libc10.so)
frame #3: <unknown function> + 0x70b77ec (0xf1eebd8a77ec in /usr/local/lib/python3.12/dist-packages/torch/lib/libtorch_cpu.so)
frame #4: <unknown function> + 0x70b9aa4 (0xf1eebd8a9aa4 in /usr/local/lib/python3.12/dist-packages/torch/lib/libtorch_cpu.so)
frame #5: <unknown function> + 0x70b9c18 (0xf1eebd8a9c18 in /usr/local/lib/python3.12/dist-packages/torch/lib/libtorch_cpu.so)
frame #6: c10d::TCPStore::check(std::vector<std::__cxx11::basic_string<char, std::char_traits<char>, std::allocator<char> >, std::allocator<std::__cxx11::basic_string<char, std::char_traits<char>, std::allocator<char> > > > const&) + 0x23c (0xf1eebd8aab1c in /usr/local/lib/python3.12/dist-packages/torch/lib/libtorch_cpu.so)
frame #7: c10d::ProcessGroupNCCL::HeartbeatMonitor::runLoop() + 0x330 (0xf1eea0e87350 in /usr/local/lib/python3.12/dist-packages/torch/lib/libtorch_cuda.so)
frame #8: <unknown function> + 0xe1ae0 (0xf1ef51341ae0 in /usr/lib/aarch64-linux-gnu/libstdc++.so.6)
frame #9: <unknown function> + 0x8582c (0xf1ef51f8582c in /usr/lib/aarch64-linux-gnu/libc.so.6)
frame #10: <unknown function> + 0xeb79c (0xf1ef51feb79c in /usr/lib/aarch64-linux-gnu/libc.so.6)

[rank1]:[W905 13:18:47.271183248 ProcessGroupNCCL.cpp:1876] [PG ID 0 PG GUID 0 Rank 1] Failed to check the "should dump" flag on TCPStore, (maybe TCPStore server has shut down too early), with error: Broken pipe
[rank1]:[W905 13:18:48.271301040 TCPStore.cpp:106] [c10d] sendBytes failed on SocketImpl(fd=46, addr=[::]:3268, remote=[a00::ffff]:17817): Broken pipe
Exception raised from sendBytes at /__w/pytorch/pytorch/torch/csrc/distributed/c10d/Utils.hpp:758 (most recent call first):
frame #0: c10::Error::Error(c10::SourceLocation, std::__cxx11::basic_string<char, std::char_traits<char>, std::allocator<char> >) + 0xc8 (0xf1ee9ff3e158 in /usr/local/lib/python3.12/dist-packages/torch/lib/libc10.so)
frame #1: c10::DistError::DistError(c10::SourceLocation, std::__cxx11::basic_string<char, std::char_traits<char>, std::allocator<char> >) + 0x78 (0xf1ee9ff3ed48 in /usr/local/lib/python3.12/dist-packages/torch/lib/libc10.so)
frame #2: c10::DistNetworkError::DistNetworkError(c10::SourceLocation, std::__cxx11::basic_string<char, std::char_traits<char>, std::allocator<char> >) + 0x78 (0xf1ee9ff3f0c8 in /usr/local/lib/python3.12/dist-packages/torch/lib/libc10.so)
frame #3: <unknown function> + 0x70b77ec (0xf1eebd8a77ec in /usr/local/lib/python3.12/dist-packages/torch/lib/libtorch_cpu.so)
frame #4: <unknown function> + 0x70b9aa4 (0xf1eebd8a9aa4 in /usr/local/lib/python3.12/dist-packages/torch/lib/libtorch_cpu.so)
frame #5: <unknown function> + 0x70b9c18 (0xf1eebd8a9c18 in /usr/local/lib/python3.12/dist-packages/torch/lib/libtorch_cpu.so)
frame #6: c10d::TCPStore::check(std::vector<std::__cxx11::basic_string<char, std::char_traits<char>, std::allocator<char> >, std::allocator<std::__cxx11::basic_string<char, std::char_traits<char>, std::allocator<char> > > > const&) + 0x23c (0xf1eebd8aab1c in /usr/local/lib/python3.12/dist-packages/torch/lib/libtorch_cpu.so)
frame #7: c10d::ProcessGroupNCCL::HeartbeatMonitor::runLoop() + 0x330 (0xf1eea0e87350 in /usr/local/lib/python3.12/dist-packages/torch/lib/libtorch_cuda.so)
frame #8: <unknown function> + 0xe1ae0 (0xf1ef51341ae0 in /usr/lib/aarch64-linux-gnu/libstdc++.so.6)
frame #9: <unknown function> + 0x8582c (0xf1ef51f8582c in /usr/lib/aarch64-linux-gnu/libc.so.6)
frame #10: <unknown function> + 0xeb79c (0xf1ef51feb79c in /usr/lib/aarch64-linux-gnu/libc.so.6)

[rank1]:[W905 13:18:48.272678432 ProcessGroupNCCL.cpp:1876] [PG ID 0 PG GUID 0 Rank 1] Failed to check the "should dump" flag on TCPStore, (maybe TCPStore server has shut down too early), with error: Broken pipe
[rank1]:[W905 13:18:49.272782832 TCPStore.cpp:106] [c10d] sendBytes failed on SocketImpl(fd=46, addr=[::]:3268, remote=[a00::ffff]:17817): Broken pipe
Exception raised from sendBytes at /__w/pytorch/pytorch/torch/csrc/distributed/c10d/Utils.hpp:758 (most recent call first):
frame #0: c10::Error::Error(c10::SourceLocation, std::__cxx11::basic_string<char, std::char_traits<char>, std::allocator<char> >) + 0xc8 (0xf1ee9ff3e158 in /usr/local/lib/python3.12/dist-packages/torch/lib/libc10.so)
frame #1: c10::DistError::DistError(c10::SourceLocation, std::__cxx11::basic_string<char, std::char_traits<char>, std::allocator<char> >) + 0x78 (0xf1ee9ff3ed48 in /usr/local/lib/python3.12/dist-packages/torch/lib/libc10.so)
frame #2: c10::DistNetworkError::DistNetworkError(c10::SourceLocation, std::__cxx11::basic_string<char, std::char_traits<char>, std::allocator<char> >) + 0x78 (0xf1ee9ff3f0c8 in /usr/local/lib/python3.12/dist-packages/torch/lib/libc10.so)
frame #3: <unknown function> + 0x70b77ec (0xf1eebd8a77ec in /usr/local/lib/python3.12/dist-packages/torch/lib/libtorch_cpu.so)
frame #4: <unknown function> + 0x70b9aa4 (0xf1eebd8a9aa4 in /usr/local/lib/python3.12/dist-packages/torch/lib/libtorch_cpu.so)
frame #5: <unknown function> + 0x70b9c18 (0xf1eebd8a9c18 in /usr/local/lib/python3.12/dist-packages/torch/lib/libtorch_cpu.so)
frame #6: c10d::TCPStore::check(std::vector<std::__cxx11::basic_string<char, std::char_traits<char>, std::allocator<char> >, std::allocator<std::__cxx11::basic_string<char, std::char_traits<char>, std::allocator<char> > > > const&) + 0x23c (0xf1eebd8aab1c in /usr/local/lib/python3.12/dist-packages/torch/lib/libtorch_cpu.so)
frame #7: c10d::ProcessGroupNCCL::HeartbeatMonitor::runLoop() + 0x330 (0xf1eea0e87350 in /usr/local/lib/python3.12/dist-packages/torch/lib/libtorch_cuda.so)
frame #8: <unknown function> + 0xe1ae0 (0xf1ef51341ae0 in /usr/lib/aarch64-linux-gnu/libstdc++.so.6)
frame #9: <unknown function> + 0x8582c (0xf1ef51f8582c in /usr/lib/aarch64-linux-gnu/libc.so.6)
frame #10: <unknown function> + 0xeb79c (0xf1ef51feb79c in /usr/lib/aarch64-linux-gnu/libc.so.6)

[rank1]:[W905 13:18:49.274145888 ProcessGroupNCCL.cpp:1876] [PG ID 0 PG GUID 0 Rank 1] Failed to check the "should dump" flag on TCPStore, (maybe TCPStore server has shut down too early), with error: Broken pipe
[rank1]:[W905 13:18:50.274260352 TCPStore.cpp:106] [c10d] sendBytes failed on SocketImpl(fd=46, addr=[::]:3268, remote=[a00::ffff]:17817): Broken pipe
Exception raised from sendBytes at /__w/pytorch/pytorch/torch/csrc/distributed/c10d/Utils.hpp:758 (most recent call first):
frame #0: c10::Error::Error(c10::SourceLocation, std::__cxx11::basic_string<char, std::char_traits<char>, std::allocator<char> >) + 0xc8 (0xf1ee9ff3e158 in /usr/local/lib/python3.12/dist-packages/torch/lib/libc10.so)
frame #1: c10::DistError::DistError(c10::SourceLocation, std::__cxx11::basic_string<char, std::char_traits<char>, std::allocator<char> >) + 0x78 (0xf1ee9ff3ed48 in /usr/local/lib/python3.12/dist-packages/torch/lib/libc10.so)
frame #2: c10::DistNetworkError::DistNetworkError(c10::SourceLocation, std::__cxx11::basic_string<char, std::char_traits<char>, std::allocator<char> >) + 0x78 (0xf1ee9ff3f0c8 in /usr/local/lib/python3.12/dist-packages/torch/lib/libc10.so)
frame #3: <unknown function> + 0x70b77ec (0xf1eebd8a77ec in /usr/local/lib/python3.12/dist-packages/torch/lib/libtorch_cpu.so)
frame #4: <unknown function> + 0x70b9aa4 (0xf1eebd8a9aa4 in /usr/local/lib/python3.12/dist-packages/torch/lib/libtorch_cpu.so)
frame #5: <unknown function> + 0x70b9c18 (0xf1eebd8a9c18 in /usr/local/lib/python3.12/dist-packages/torch/lib/libtorch_cpu.so)
frame #6: c10d::TCPStore::check(std::vector<std::__cxx11::basic_string<char, std::char_traits<char>, std::allocator<char> >, std::allocator<std::__cxx11::basic_string<char, std::char_traits<char>, std::allocator<char> > > > const&) + 0x23c (0xf1eebd8aab1c in /usr/local/lib/python3.12/dist-packages/torch/lib/libtorch_cpu.so)
frame #7: c10d::ProcessGroupNCCL::HeartbeatMonitor::runLoop() + 0x330 (0xf1eea0e87350 in /usr/local/lib/python3.12/dist-packages/torch/lib/libtorch_cuda.so)
frame #8: <unknown function> + 0xe1ae0 (0xf1ef51341ae0 in /usr/lib/aarch64-linux-gnu/libstdc++.so.6)
frame #9: <unknown function> + 0x8582c (0xf1ef51f8582c in /usr/lib/aarch64-linux-gnu/libc.so.6)
frame #10: <unknown function> + 0xeb79c (0xf1ef51feb79c in /usr/lib/aarch64-linux-gnu/libc.so.6)

[rank1]:[W905 13:18:50.275639936 ProcessGroupNCCL.cpp:1876] [PG ID 0 PG GUID 0 Rank 1] Failed to check the "should dump" flag on TCPStore, (maybe TCPStore server has shut down too early), with error: Broken pipe
[rank1]:[W905 13:18:51.275764752 TCPStore.cpp:106] [c10d] sendBytes failed on SocketImpl(fd=46, addr=[::]:3268, remote=[a00::ffff]:17817): Broken pipe
Exception raised from sendBytes at /__w/pytorch/pytorch/torch/csrc/distributed/c10d/Utils.hpp:758 (most recent call first):
frame #0: c10::Error::Error(c10::SourceLocation, std::__cxx11::basic_string<char, std::char_traits<char>, std::allocator<char> >) + 0xc8 (0xf1ee9ff3e158 in /usr/local/lib/python3.12/dist-packages/torch/lib/libc10.so)
frame #1: c10::DistError::DistError(c10::SourceLocation, std::__cxx11::basic_string<char, std::char_traits<char>, std::allocator<char> >) + 0x78 (0xf1ee9ff3ed48 in /usr/local/lib/python3.12/dist-packages/torch/lib/libc10.so)
frame #2: c10::DistNetworkError::DistNetworkError(c10::SourceLocation, std::__cxx11::basic_string<char, std::char_traits<char>, std::allocator<char> >) + 0x78 (0xf1ee9ff3f0c8 in /usr/local/lib/python3.12/dist-packages/torch/lib/libc10.so)
frame #3: <unknown function> + 0x70b77ec (0xf1eebd8a77ec in /usr/local/lib/python3.12/dist-packages/torch/lib/libtorch_cpu.so)
frame #4: <unknown function> + 0x70b9aa4 (0xf1eebd8a9aa4 in /usr/local/lib/python3.12/dist-packages/torch/lib/libtorch_cpu.so)
frame #5: <unknown function> + 0x70b9c18 (0xf1eebd8a9c18 in /usr/local/lib/python3.12/dist-packages/torch/lib/libtorch_cpu.so)
frame #6: c10d::TCPStore::check(std::vector<std::__cxx11::basic_string<char, std::char_traits<char>, std::allocator<char> >, std::allocator<std::__cxx11::basic_string<char, std::char_traits<char>, std::allocator<char> > > > const&) + 0x23c (0xf1eebd8aab1c in /usr/local/lib/python3.12/dist-packages/torch/lib/libtorch_cpu.so)
frame #7: c10d::ProcessGroupNCCL::HeartbeatMonitor::runLoop() + 0x330 (0xf1eea0e87350 in /usr/local/lib/python3.12/dist-packages/torch/lib/libtorch_cuda.so)
frame #8: <unknown function> + 0xe1ae0 (0xf1ef51341ae0 in /usr/lib/aarch64-linux-gnu/libstdc++.so.6)
frame #9: <unknown function> + 0x8582c (0xf1ef51f8582c in /usr/lib/aarch64-linux-gnu/libc.so.6)
frame #10: <unknown function> + 0xeb79c (0xf1ef51feb79c in /usr/lib/aarch64-linux-gnu/libc.so.6)

[rank1]:[W905 13:18:51.277161984 ProcessGroupNCCL.cpp:1876] [PG ID 0 PG GUID 0 Rank 1] Failed to check the "should dump" flag on TCPStore, (maybe TCPStore server has shut down too early), with error: Broken pipe
[rank1]:[W905 13:18:52.277279296 TCPStore.cpp:106] [c10d] sendBytes failed on SocketImpl(fd=46, addr=[::]:3268, remote=[a00::ffff]:17817): Broken pipe
Exception raised from sendBytes at /__w/pytorch/pytorch/torch/csrc/distributed/c10d/Utils.hpp:758 (most recent call first):
frame #0: c10::Error::Error(c10::SourceLocation, std::__cxx11::basic_string<char, std::char_traits<char>, std::allocator<char> >) + 0xc8 (0xf1ee9ff3e158 in /usr/local/lib/python3.12/dist-packages/torch/lib/libc10.so)
frame #1: c10::DistError::DistError(c10::SourceLocation, std::__cxx11::basic_string<char, std::char_traits<char>, std::allocator<char> >) + 0x78 (0xf1ee9ff3ed48 in /usr/local/lib/python3.12/dist-packages/torch/lib/libc10.so)
frame #2: c10::DistNetworkError::DistNetworkError(c10::SourceLocation, std::__cxx11::basic_string<char, std::char_traits<char>, std::allocator<char> >) + 0x78 (0xf1ee9ff3f0c8 in /usr/local/lib/python3.12/dist-packages/torch/lib/libc10.so)
frame #3: <unknown function> + 0x70b77ec (0xf1eebd8a77ec in /usr/local/lib/python3.12/dist-packages/torch/lib/libtorch_cpu.so)
frame #4: <unknown function> + 0x70b9aa4 (0xf1eebd8a9aa4 in /usr/local/lib/python3.12/dist-packages/torch/lib/libtorch_cpu.so)
frame #5: <unknown function> + 0x70b9c18 (0xf1eebd8a9c18 in /usr/local/lib/python3.12/dist-packages/torch/lib/libtorch_cpu.so)
frame #6: c10d::TCPStore::check(std::vector<std::__cxx11::basic_string<char, std::char_traits<char>, std::allocator<char> >, std::allocator<std::__cxx11::basic_string<char, std::char_traits<char>, std::allocator<char> > > > const&) + 0x23c (0xf1eebd8aab1c in /usr/local/lib/python3.12/dist-packages/torch/lib/libtorch_cpu.so)
frame #7: c10d::ProcessGroupNCCL::HeartbeatMonitor::runLoop() + 0x330 (0xf1eea0e87350 in /usr/local/lib/python3.12/dist-packages/torch/lib/libtorch_cuda.so)
frame #8: <unknown function> + 0xe1ae0 (0xf1ef51341ae0 in /usr/lib/aarch64-linux-gnu/libstdc++.so.6)
frame #9: <unknown function> + 0x8582c (0xf1ef51f8582c in /usr/lib/aarch64-linux-gnu/libc.so.6)
frame #10: <unknown function> + 0xeb79c (0xf1ef51feb79c in /usr/lib/aarch64-linux-gnu/libc.so.6)

[rank1]:[W905 13:18:52.278666624 ProcessGroupNCCL.cpp:1876] [PG ID 0 PG GUID 0 Rank 1] Failed to check the "should dump" flag on TCPStore, (maybe TCPStore server has shut down too early), with error: Broken pipe
[rank1]:[W905 13:18:53.278776416 TCPStore.cpp:106] [c10d] sendBytes failed on SocketImpl(fd=46, addr=[::]:3268, remote=[a00::ffff]:17817): Broken pipe
Exception raised from sendBytes at /__w/pytorch/pytorch/torch/csrc/distributed/c10d/Utils.hpp:758 (most recent call first):
frame #0: c10::Error::Error(c10::SourceLocation, std::__cxx11::basic_string<char, std::char_traits<char>, std::allocator<char> >) + 0xc8 (0xf1ee9ff3e158 in /usr/local/lib/python3.12/dist-packages/torch/lib/libc10.so)
frame #1: c10::DistError::DistError(c10::SourceLocation, std::__cxx11::basic_string<char, std::char_traits<char>, std::allocator<char> >) + 0x78 (0xf1ee9ff3ed48 in /usr/local/lib/python3.12/dist-packages/torch/lib/libc10.so)
frame #2: c10::DistNetworkError::DistNetworkError(c10::SourceLocation, std::__cxx11::basic_string<char, std::char_traits<char>, std::allocator<char> >) + 0x78 (0xf1ee9ff3f0c8 in /usr/local/lib/python3.12/dist-packages/torch/lib/libc10.so)
frame #3: <unknown function> + 0x70b77ec (0xf1eebd8a77ec in /usr/local/lib/python3.12/dist-packages/torch/lib/libtorch_cpu.so)
frame #4: <unknown function> + 0x70b9aa4 (0xf1eebd8a9aa4 in /usr/local/lib/python3.12/dist-packages/torch/lib/libtorch_cpu.so)
frame #5: <unknown function> + 0x70b9c18 (0xf1eebd8a9c18 in /usr/local/lib/python3.12/dist-packages/torch/lib/libtorch_cpu.so)
frame #6: c10d::TCPStore::check(std::vector<std::__cxx11::basic_string<char, std::char_traits<char>, std::allocator<char> >, std::allocator<std::__cxx11::basic_string<char, std::char_traits<char>, std::allocator<char> > > > const&) + 0x23c (0xf1eebd8aab1c in /usr/local/lib/python3.12/dist-packages/torch/lib/libtorch_cpu.so)
frame #7: c10d::ProcessGroupNCCL::HeartbeatMonitor::runLoop() + 0x330 (0xf1eea0e87350 in /usr/local/lib/python3.12/dist-packages/torch/lib/libtorch_cuda.so)
frame #8: <unknown function> + 0xe1ae0 (0xf1ef51341ae0 in /usr/lib/aarch64-linux-gnu/libstdc++.so.6)
frame #9: <unknown function> + 0x8582c (0xf1ef51f8582c in /usr/lib/aarch64-linux-gnu/libc.so.6)
frame #10: <unknown function> + 0xeb79c (0xf1ef51feb79c in /usr/lib/aarch64-linux-gnu/libc.so.6)

[rank1]:[W905 13:18:53.280171840 ProcessGroupNCCL.cpp:1876] [PG ID 0 PG GUID 0 Rank 1] Failed to check the "should dump" flag on TCPStore, (maybe TCPStore server has shut down too early), with error: Broken pipe
[rank1]:[W905 13:18:54.280285120 TCPStore.cpp:106] [c10d] sendBytes failed on SocketImpl(fd=46, addr=[::]:3268, remote=[a00::ffff]:17817): Broken pipe
Exception raised from sendBytes at /__w/pytorch/pytorch/torch/csrc/distributed/c10d/Utils.hpp:758 (most recent call first):
frame #0: c10::Error::Error(c10::SourceLocation, std::__cxx11::basic_string<char, std::char_traits<char>, std::allocator<char> >) + 0xc8 (0xf1ee9ff3e158 in /usr/local/lib/python3.12/dist-packages/torch/lib/libc10.so)
frame #1: c10::DistError::DistError(c10::SourceLocation, std::__cxx11::basic_string<char, std::char_traits<char>, std::allocator<char> >) + 0x78 (0xf1ee9ff3ed48 in /usr/local/lib/python3.12/dist-packages/torch/lib/libc10.so)
frame #2: c10::DistNetworkError::DistNetworkError(c10::SourceLocation, std::__cxx11::basic_string<char, std::char_traits<char>, std::allocator<char> >) + 0x78 (0xf1ee9ff3f0c8 in /usr/local/lib/python3.12/dist-packages/torch/lib/libc10.so)
frame #3: <unknown function> + 0x70b77ec (0xf1eebd8a77ec in /usr/local/lib/python3.12/dist-packages/torch/lib/libtorch_cpu.so)
frame #4: <unknown function> + 0x70b9aa4 (0xf1eebd8a9aa4 in /usr/local/lib/python3.12/dist-packages/torch/lib/libtorch_cpu.so)
frame #5: <unknown function> + 0x70b9c18 (0xf1eebd8a9c18 in /usr/local/lib/python3.12/dist-packages/torch/lib/libtorch_cpu.so)
frame #6: c10d::TCPStore::check(std::vector<std::__cxx11::basic_string<char, std::char_traits<char>, std::allocator<char> >, std::allocator<std::__cxx11::basic_string<char, std::char_traits<char>, std::allocator<char> > > > const&) + 0x23c (0xf1eebd8aab1c in /usr/local/lib/python3.12/dist-packages/torch/lib/libtorch_cpu.so)
frame #7: c10d::ProcessGroupNCCL::HeartbeatMonitor::runLoop() + 0x330 (0xf1eea0e87350 in /usr/local/lib/python3.12/dist-packages/torch/lib/libtorch_cuda.so)
frame #8: <unknown function> + 0xe1ae0 (0xf1ef51341ae0 in /usr/lib/aarch64-linux-gnu/libstdc++.so.6)
frame #9: <unknown function> + 0x8582c (0xf1ef51f8582c in /usr/lib/aarch64-linux-gnu/libc.so.6)
frame #10: <unknown function> + 0xeb79c (0xf1ef51feb79c in /usr/lib/aarch64-linux-gnu/libc.so.6)

[rank1]:[W905 13:18:54.281667104 ProcessGroupNCCL.cpp:1876] [PG ID 0 PG GUID 0 Rank 1] Failed to check the "should dump" flag on TCPStore, (maybe TCPStore server has shut down too early), with error: Broken pipe
[rank1]:[W905 13:18:55.281775280 TCPStore.cpp:106] [c10d] sendBytes failed on SocketImpl(fd=46, addr=[::]:3268, remote=[a00::ffff]:17817): Broken pipe
Exception raised from sendBytes at /__w/pytorch/pytorch/torch/csrc/distributed/c10d/Utils.hpp:758 (most recent call first):
frame #0: c10::Error::Error(c10::SourceLocation, std::__cxx11::basic_string<char, std::char_traits<char>, std::allocator<char> >) + 0xc8 (0xf1ee9ff3e158 in /usr/local/lib/python3.12/dist-packages/torch/lib/libc10.so)
frame #1: c10::DistError::DistError(c10::SourceLocation, std::__cxx11::basic_string<char, std::char_traits<char>, std::allocator<char> >) + 0x78 (0xf1ee9ff3ed48 in /usr/local/lib/python3.12/dist-packages/torch/lib/libc10.so)
frame #2: c10::DistNetworkError::DistNetworkError(c10::SourceLocation, std::__cxx11::basic_string<char, std::char_traits<char>, std::allocator<char> >) + 0x78 (0xf1ee9ff3f0c8 in /usr/local/lib/python3.12/dist-packages/torch/lib/libc10.so)
frame #3: <unknown function> + 0x70b77ec (0xf1eebd8a77ec in /usr/local/lib/python3.12/dist-packages/torch/lib/libtorch_cpu.so)
frame #4: <unknown function> + 0x70b9aa4 (0xf1eebd8a9aa4 in /usr/local/lib/python3.12/dist-packages/torch/lib/libtorch_cpu.so)
frame #5: <unknown function> + 0x70b9c18 (0xf1eebd8a9c18 in /usr/local/lib/python3.12/dist-packages/torch/lib/libtorch_cpu.so)
frame #6: c10d::TCPStore::check(std::vector<std::__cxx11::basic_string<char, std::char_traits<char>, std::allocator<char> >, std::allocator<std::__cxx11::basic_string<char, std::char_traits<char>, std::allocator<char> > > > const&) + 0x23c (0xf1eebd8aab1c in /usr/local/lib/python3.12/dist-packages/torch/lib/libtorch_cpu.so)
frame #7: c10d::ProcessGroupNCCL::HeartbeatMonitor::runLoop() + 0x330 (0xf1eea0e87350 in /usr/local/lib/python3.12/dist-packages/torch/lib/libtorch_cuda.so)
frame #8: <unknown function> + 0xe1ae0 (0xf1ef51341ae0 in /usr/lib/aarch64-linux-gnu/libstdc++.so.6)
frame #9: <unknown function> + 0x8582c (0xf1ef51f8582c in /usr/lib/aarch64-linux-gnu/libc.so.6)
frame #10: <unknown function> + 0xeb79c (0xf1ef51feb79c in /usr/lib/aarch64-linux-gnu/libc.so.6)

[rank1]:[W905 13:18:55.283169648 ProcessGroupNCCL.cpp:1876] [PG ID 0 PG GUID 0 Rank 1] Failed to check the "should dump" flag on TCPStore, (maybe TCPStore server has shut down too early), with error: Broken pipe
